--
-- PostgreSQL database dump
--

\restrict 2axqEikPueMHretCbg0UkshjiapGM6XXtDHZOFxreeleqUjs6SiNMcxegSfErfx

-- Dumped from database version 16.13 (Debian 16.13-1.pgdg13+1)
-- Dumped by pg_dump version 16.13 (Debian 16.13-1.pgdg13+1)

SET statement_timeout = 0;
SET lock_timeout = 0;
SET idle_in_transaction_session_timeout = 0;
SET client_encoding = 'UTF8';
SET standard_conforming_strings = on;
SELECT pg_catalog.set_config('search_path', '', false);
SET check_function_bodies = false;
SET xmloption = content;
SET client_min_messages = warning;
SET row_security = off;

--
-- Data for Name: customer; Type: TABLE DATA; Schema: ticketing; Owner: -
--

INSERT INTO ticketing.customer (customer_id, customer_code, username, email, phone, password_hash, full_name, avatar_url, status, email_verified, last_login_at, created_at, updated_at, is_deleted) VALUES (1, 'CUS-DDBDE3A8B786', 'tannguyen.313', 'user@example.com', '0389036122', 'pbkdf2$100000$qt4enP5RuPRl/qrn0d0AFg==$ixytPVtbuKnT1NDqx0l2OMk9zuQyJbx6ww+0yZJceK0=', 'Thien Tan', NULL, 'active', false, '2026-04-27 11:53:38.443447', '2026-04-27 11:53:00.349849', '2026-04-27 11:53:38.443447', false);
INSERT INTO ticketing.customer (customer_id, customer_code, username, email, phone, password_hash, full_name, avatar_url, status, email_verified, last_login_at, created_at, updated_at, is_deleted) VALUES (2, 'CUS-EE9063564A42', 'tannguyen313', 'tannguyenltt313@gmail.com', '0389036122', 'pbkdf2$100000$yMJ9M71JfmvCJAITAds2Tw==$fip/NpKF6H2I2uG9n1jj83G3UeNzDe4hU3AHC8j/bZ4=', 'Nguyễn Thiện Tân', NULL, 'active', false, '2026-05-19 16:26:01.997834', '2026-04-27 12:16:43.552708', '2026-05-19 16:26:01.997834', false);
INSERT INTO ticketing.customer (customer_id, customer_code, username, email, phone, password_hash, full_name, avatar_url, status, email_verified, last_login_at, created_at, updated_at, is_deleted) VALUES (3, 'CUS-09F314ECE7C8', 'demo02', 'tannguyenltt311@gmail.com', '0389036122', 'pbkdf2$100000$K2mTel5ok5j/cwH+Xf4EXg==$PR3hUBcYZvp7s1PjnqIeGcuNXi8xf4YsSN27BFGIqBs=', 'Nguyễn Thiện Tân', NULL, 'active', false, NULL, '2026-05-31 15:38:40.423258', NULL, false);


--
-- Data for Name: event; Type: TABLE DATA; Schema: ticketing; Owner: -
--

INSERT INTO ticketing.event (event_id, event_code, event_name, description, venue_id, banner_url, start_time, end_time, sale_start_time, sale_end_time, status, published_at, on_sale_at, created_by, created_at, updated_by, updated_at, is_deleted, is_featured, is_trending, display_order) VALUES (1, 'EVT-2025-ANH_TRAI-HN', 'Anh Trai Vượt Ngàn Chông Gai Live Concert - Hà Nội', 'Đại nhạc hội quy tụ dàn nghệ sĩ nổi bật với sân khấu ngoài trời quy mô lớn, hệ thống âm thanh ánh sáng hiện đại và trải nghiệm concert dành cho hàng chục nghìn khán giả.', 1, 'https://placehold.co/800x400/png?text=Anh+Trai+Concert+Ha+Noi', '2025-09-20 19:30:00', '2025-09-20 22:45:00', '2025-07-20 10:00:00', '2025-09-20 18:30:00', 'on_sale', '2025-07-15 09:00:00', '2025-07-20 10:00:00', 1, '2026-04-01 23:16:43.073', NULL, NULL, false, false, false, 0);
INSERT INTO ticketing.event (event_id, event_code, event_name, description, venue_id, banner_url, start_time, end_time, sale_start_time, sale_end_time, status, published_at, on_sale_at, created_by, created_at, updated_by, updated_at, is_deleted, is_featured, is_trending, display_order) VALUES (2, 'EVT-2025-EDM-FEST-HCM', 'Saigon EDM Universe 2025', 'Lễ hội âm nhạc điện tử quy tụ DJ quốc tế, sân khấu LED quy mô lớn, khu standing sôi động và nhiều hạng vé VIP trải nghiệm đặc quyền.', 2, 'https://placehold.co/800x400/png?text=Saigon+EDM+Universe+2025', '2025-10-11 18:00:00', '2025-10-11 23:30:00', '2025-08-01 10:00:00', '2025-10-11 17:00:00', 'on_sale', '2025-07-28 09:00:00', '2025-08-01 10:00:00', 1, '2026-04-01 23:16:43.073', NULL, NULL, false, false, false, 0);
INSERT INTO ticketing.event (event_id, event_code, event_name, description, venue_id, banner_url, start_time, end_time, sale_start_time, sale_end_time, status, published_at, on_sale_at, created_by, created_at, updated_by, updated_at, is_deleted, is_featured, is_trending, display_order) VALUES (3, 'EVT-2025-BASKET-CHAMP', 'Vietnam Basketball Championship Finals 2025', 'Trận chung kết bóng rổ chuyên nghiệp với sức chứa lớn, phù hợp demo bán vé thể thao theo nhiều hạng ghế khác nhau.', 3, 'https://placehold.co/800x400/png?text=Basketball+Finals+2025', '2025-11-02 18:30:00', '2025-11-02 21:30:00', '2025-09-10 09:00:00', '2025-11-02 17:30:00', 'on_sale', '2025-09-05 08:30:00', '2025-09-10 09:00:00', 1, '2026-04-01 23:16:43.073', NULL, NULL, false, false, false, 0);
INSERT INTO ticketing.event (event_id, event_code, event_name, description, venue_id, banner_url, start_time, end_time, sale_start_time, sale_end_time, status, published_at, on_sale_at, created_by, created_at, updated_by, updated_at, is_deleted, is_featured, is_trending, display_order) VALUES (4, 'EVT-2025-KICH-NOI-HN', 'Đêm Kịch Nói Đương Đại 2025', 'Sự kiện sân khấu nghệ thuật với nhiều vở diễn đặc sắc, không gian trong nhà phù hợp đối tượng khán giả yêu thích kịch nói chất lượng cao.', 4, 'https://placehold.co/800x400/png?text=Dem+Kich+Noi+Duong+Dai+2025', '2025-12-06 19:00:00', '2025-12-06 22:00:00', '2025-10-01 09:00:00', '2025-12-06 18:00:00', 'on_sale', '2025-09-28 09:30:00', '2025-10-01 09:00:00', 1, '2026-04-01 23:16:43.073', NULL, NULL, false, false, false, 0);
INSERT INTO ticketing.event (event_id, event_code, event_name, description, venue_id, banner_url, start_time, end_time, sale_start_time, sale_end_time, status, published_at, on_sale_at, created_by, created_at, updated_by, updated_at, is_deleted, is_featured, is_trending, display_order) VALUES (13, 'EVT-2025-RAPSHOW-HCM', 'Saigon Rap Showcase 2025', 'Sự kiện rap/hip-hop với dàn line-up nổi bật, khu standing sôi động và hiệu ứng sân khấu hiện đại.', 2, 'https://placehold.co/800x400/png?text=Saigon+Rap+Showcase+2025', '2025-06-28 19:00:00', '2025-06-28 22:30:00', '2025-05-01 09:00:00', '2025-06-28 18:00:00', 'ended', '2025-04-28 09:00:00', '2025-05-01 09:00:00', 1, '2026-04-01 23:16:43.073', NULL, NULL, false, false, false, 0);
INSERT INTO ticketing.event (event_id, event_code, event_name, description, venue_id, banner_url, start_time, end_time, sale_start_time, sale_end_time, status, published_at, on_sale_at, created_by, created_at, updated_by, updated_at, is_deleted, is_featured, is_trending, display_order) VALUES (14, 'EVT-2025-FUTSAL-HN', 'National Futsal Cup Finals 2025', 'Trận chung kết futsal quốc gia với lượng cổ động viên lớn, sức chứa phù hợp cho mô hình bán vé sự kiện thể thao.', 3, 'https://placehold.co/800x400/png?text=National+Futsal+Cup+2025', '2025-04-19 17:30:00', '2025-04-19 20:30:00', '2025-03-01 09:00:00', '2025-04-19 16:30:00', 'ended', '2025-02-25 09:00:00', '2025-03-01 09:00:00', 1, '2026-04-01 23:16:43.073', NULL, NULL, false, false, false, 0);
INSERT INTO ticketing.event (event_id, event_code, event_name, description, venue_id, banner_url, start_time, end_time, sale_start_time, sale_end_time, status, published_at, on_sale_at, created_by, created_at, updated_by, updated_at, is_deleted, is_featured, is_trending, display_order) VALUES (15, 'EVT-2025-THEATER-HCM', 'Đêm Kịch Đương Đại Sài Gòn 2025', 'Chương trình biểu diễn sân khấu và kịch nói dành cho khán giả yêu thích nghệ thuật biểu diễn trong không gian nhà hát hiện đại.', 4, 'https://placehold.co/800x400/png?text=Theater+Sai+Gon+2025', '2025-05-24 12:00:00', '2025-05-24 14:45:00', '2025-04-01 02:00:00', '2025-05-24 11:00:00', 'ended', '2025-03-28 02:00:00', '2025-04-01 02:00:00', 1, '2026-04-01 23:16:43.073', 1, '2026-04-01 17:07:13.1', false, false, false, 0);
INSERT INTO ticketing.event (event_id, event_code, event_name, description, venue_id, banner_url, start_time, end_time, sale_start_time, sale_end_time, status, published_at, on_sale_at, created_by, created_at, updated_by, updated_at, is_deleted, is_featured, is_trending, display_order) VALUES (9, 'EVT-2026-ESPORT-MASTERS', 'Vietnam Esports Masters 2026', 'Giải đấu esports quy mô lớn với nhiều đội tuyển chuyên nghiệp, sân khấu LED hiện đại và hạng vé đa dạng cho cộng đồng game thủ.', 3, 'https://encrypted-tbn0.gstatic.com/images?q=tbn:ANd9GcTFNnn5OLhzSQg3d4vTFKuxIPa3Nj69pb33Ng&s', '2026-08-07 09:00:00', '2026-08-07 17:30:00', '2026-05-31 06:00:00', '2026-08-07 08:00:00', 'on_sale', '2026-05-27 05:00:00', '2026-05-31 06:00:00', 1, '2026-04-01 23:16:43.073', 1, '2026-05-31 06:28:41.277', false, false, false, 1);
INSERT INTO ticketing.event (event_id, event_code, event_name, description, venue_id, banner_url, start_time, end_time, sale_start_time, sale_end_time, status, published_at, on_sale_at, created_by, created_at, updated_by, updated_at, is_deleted, is_featured, is_trending, display_order) VALUES (6, 'EVT-2026-SKYTOUR-HCM', 'Sky Tour Live Concert 2026 - TP.HCM', 'Đêm nhạc live concert quy mô lớn tại TP.HCM với hệ thống sân khấu, âm thanh, ánh sáng hiện đại và nhiều hạng vé phục vụ các nhóm khán giả khác nhau.', 2, 'https://i.ytimg.com/vi/hZqGbP817TQ/hq720.jpg?sqp=-oaymwEhCK4FEIIDSFryq4qpAxMIARUAAAAAGAElAADIQj0AgKJD&rs=AOn4CLDvCUBzQ_PywR5QPC42R7aqITp-4g', '2026-06-19 08:30:00', '2026-06-19 11:30:00', '2026-05-13 23:00:00', '2026-06-19 07:30:00', 'on_sale', '2026-05-08 22:00:00', '2026-05-13 23:00:00', 1, '2026-04-01 23:16:43.073', 1, '2026-05-31 06:29:07.579', false, true, true, 0);
INSERT INTO ticketing.event (event_id, event_code, event_name, description, venue_id, banner_url, start_time, end_time, sale_start_time, sale_end_time, status, published_at, on_sale_at, created_by, created_at, updated_by, updated_at, is_deleted, is_featured, is_trending, display_order) VALUES (8, 'EVT-2026-INDIE-NIGHT', 'Indie Music Night 2026', 'Đêm nhạc indie với không gian gần gũi, dàn nghệ sĩ trẻ và trải nghiệm biểu diễn trực tiếp dành cho cộng đồng yêu nhạc độc lập.', 5, 'https://maxwellswaterloo.com/wp-content/uploads/2026/04/Indie-Night-May.21.2026-Poster-1-683x1024.jpg', '2026-04-17 22:00:00', '2026-04-18 01:00:00', '2026-02-24 12:00:00', '2026-04-17 21:00:00', 'on_sale', '2026-02-19 12:00:00', '2026-02-24 12:00:00', 1, '2026-04-01 23:16:43.073', 1, '2026-05-31 06:29:21.916', false, true, false, 2);
INSERT INTO ticketing.event (event_id, event_code, event_name, description, venue_id, banner_url, start_time, end_time, sale_start_time, sale_end_time, status, published_at, on_sale_at, created_by, created_at, updated_by, updated_at, is_deleted, is_featured, is_trending, display_order) VALUES (12, 'EVT-2026-CULTURE-FEST', 'Vietnam Culture & Performance Festival 2026', 'Lễ hội văn hóa kết hợp biểu diễn nghệ thuật truyền thống và hiện đại, phù hợp với nhóm gia đình và khách du lịch.', 5, 'https://media.vov.vn/sites/default/files/styles/large/public/2026-03/osaka.jpeg.jpg', '2026-09-12 03:00:00', '2026-09-12 08:00:00', '2026-07-09 19:00:00', '2026-09-12 02:00:00', 'published', '2026-04-01 18:30:00', '2026-04-02 10:06:00', 1, '2026-04-01 23:16:43.073', 1, '2026-05-31 06:33:23.323', false, false, true, 0);
INSERT INTO ticketing.event (event_id, event_code, event_name, description, venue_id, banner_url, start_time, end_time, sale_start_time, sale_end_time, status, published_at, on_sale_at, created_by, created_at, updated_by, updated_at, is_deleted, is_featured, is_trending, display_order) VALUES (7, 'EVT-2026-VLEAGUE-OPEN', 'V.League Opening Match 2026', 'Trận khai mạc mùa giải bóng đá hấp dẫn với lượng cổ động viên lớn, phù hợp demo traffic cao trong thời điểm mở bán vé.', 1, 'https://s3-api.fpt.vn/fptvn-storage/2026-02-03/1770101554_lich-thi-dau-v-league-2025-2026-moi-nhat.jpg', '2026-03-13 21:00:00', '2026-03-14 00:00:00', '2026-01-19 13:00:00', '2026-03-13 20:00:00', 'on_sale', '2026-01-14 12:00:00', '2026-01-19 13:00:00', 1, '2026-04-01 23:16:43.073', 1, '2026-05-31 06:34:58.047', false, false, false, 0);
INSERT INTO ticketing.event (event_id, event_code, event_name, description, venue_id, banner_url, start_time, end_time, sale_start_time, sale_end_time, status, published_at, on_sale_at, created_by, created_at, updated_by, updated_at, is_deleted, is_featured, is_trending, display_order) VALUES (5, 'EVT-2025-TECH-EXPO-HCM', 'Vietnam Tech Expo & Keynote 2026', 'Sự kiện công nghệ kết hợp keynote, triển lãm giải pháp số và networking dành cho cộng đồng startup, doanh nghiệp và người yêu công nghệ.', 5, 'https://ritmuller.vn/wp-content/uploads/2025/11/c4ca4238a0b923820dcc509a6f75849b.png', '2026-05-30 07:30:00', '2026-06-06 17:00:00', '2026-05-30 08:00:00', '2026-06-05 06:30:00', 'on_sale', '2026-05-30 07:30:00', '2026-06-06 08:00:00', 1, '2026-04-01 23:16:43.073', 1, '2026-05-31 07:15:24.926', false, false, false, 3);
INSERT INTO ticketing.event (event_id, event_code, event_name, description, venue_id, banner_url, start_time, end_time, sale_start_time, sale_end_time, status, published_at, on_sale_at, created_by, created_at, updated_by, updated_at, is_deleted, is_featured, is_trending, display_order) VALUES (11, 'EVT-2026-ROCK-STORM', 'Rock Storm Live in Vietnam 2026', 'Đại nhạc hội rock quy mô lớn với nhiều ban nhạc nổi tiếng, khu standing đông đảo và trải nghiệm sân khấu bùng nổ.', 1, 'https://thethaovanhoa.mediacdn.vn/372676912336973824/2024/11/19/image001-17320036375191390890048.png', '2026-11-20 14:30:00', '2026-11-20 19:00:00', '2026-08-31 06:00:00', '2026-11-20 13:30:00', 'published', '2026-08-27 05:00:00', '2026-06-06 09:34:00', 1, '2026-04-01 23:16:43.073', 1, '2026-05-31 14:55:51.537', false, true, true, 4);
INSERT INTO ticketing.event (event_id, event_code, event_name, description, venue_id, banner_url, start_time, end_time, sale_start_time, sale_end_time, status, published_at, on_sale_at, created_by, created_at, updated_by, updated_at, is_deleted, is_featured, is_trending, display_order) VALUES (10, 'EVT-2026-SYMPHONY-HN', 'Symphony Gala Night VietNam 2026', 'Đêm hòa nhạc giao hưởng với dàn nhạc biểu diễn trực tiếp, không gian sang trọng và trải nghiệm văn hóa nghệ thuật cao cấp.', 4, 'https://www.oaklandsymphony.org/wp-content/uploads/2026/02/OS_Opus_Oakland_2026_web-banner_a_1040x411.jpg', '2026-10-02 22:30:00', '2026-10-03 01:00:00', '2026-08-14 12:00:00', '2026-10-02 21:30:00', 'published', '2026-05-30 12:00:00', '2026-06-06 16:31:00', 1, '2026-04-01 23:16:43.073', 1, '2026-05-31 14:56:08.612', false, false, true, 0);
INSERT INTO ticketing.event (event_id, event_code, event_name, description, venue_id, banner_url, start_time, end_time, sale_start_time, sale_end_time, status, published_at, on_sale_at, created_by, created_at, updated_by, updated_at, is_deleted, is_featured, is_trending, display_order) VALUES (16, 'VPBANK_T1', 'VPBank Presents T1 in Vietnam: The Promise Fulfilled', '**# Sự kiện "VPBank Presents T1 in Vietnam: The Promise Fulfilled" với sự góp mặt của Faker và các thành viên T1 đã diễn ra tại Trung tâm Hội nghị Quốc gia (VEC) ở Hà Nội vào tháng 12/2025. Đây là một đại tiệc eSports lớn với sân khấu quy mô, cho phép người hâm mộ gặp gỡ đội tuyển. **

Địa điểm: Trung tâm Hội nghị Quốc gia, Hà Nội.
Thời gian diễn ra: Tháng 12/2025 (chuỗi hoạt động bao gồm cả fan meeting và giao lưu).
Đặc điểm: Sự kiện bao gồm sân khấu hiện đại, nơi T1 giao lưu và thi đấu giao hữu.
Vé tham dự: Vé được phân phối độc quyền qua nền tảng CTicket.vn và yêu cầu thẻ VPBank Mastercard để thanh toán.

![Quà sự kiện](https://vstatic.vietnam.vn/vietnam/resource/IMAGE/2025/12/08/1765191822217_anh2-14093946.jpeg)', 4, 'https://cdn-media.sforum.vn/storage/app/media/phuonganh/vpbank-presents-t1-vietnam-promise-fulfilled-co-gi-1.jpg', '2026-04-09 09:00:00', '2026-04-09 22:00:00', '2026-03-30 21:55:00', '2026-04-08 21:55:00', 'on_sale', '2026-03-30 21:55:00', '2026-04-01 21:55:00', 1, '2026-04-04 15:56:22.618', 1, '2026-05-31 06:25:43.918', false, true, true, 0);


--
-- Data for Name: event_zone; Type: TABLE DATA; Schema: ticketing; Owner: -
--

INSERT INTO ticketing.event_zone (event_zone_id, event_id, zone_code, zone_name, color_hex, description, display_order, status, created_by, created_at, updated_by, updated_at, is_deleted) VALUES (1, 1, 'VIP', 'Khu VIP', '#D4AF37', 'Khu vực gần sân khấu/trung tâm, trải nghiệm tốt nhất', 1, 'active', 1, '2026-04-01 23:16:43.073', NULL, NULL, false);
INSERT INTO ticketing.event_zone (event_zone_id, event_id, zone_code, zone_name, color_hex, description, display_order, status, created_by, created_at, updated_by, updated_at, is_deleted) VALUES (2, 1, 'STANDARD', 'Khu Standard', '#2563EB', 'Khu vực tiêu chuẩn với tầm nhìn tốt', 2, 'active', 1, '2026-04-01 23:16:43.073', NULL, NULL, false);
INSERT INTO ticketing.event_zone (event_zone_id, event_id, zone_code, zone_name, color_hex, description, display_order, status, created_by, created_at, updated_by, updated_at, is_deleted) VALUES (3, 1, 'ECONOMY', 'Khu Economy', '#10B981', 'Khu vực phổ thông, giá dễ tiếp cận', 3, 'active', 1, '2026-04-01 23:16:43.073', NULL, NULL, false);
INSERT INTO ticketing.event_zone (event_zone_id, event_id, zone_code, zone_name, color_hex, description, display_order, status, created_by, created_at, updated_by, updated_at, is_deleted) VALUES (4, 1, 'FANZONE', 'Khu Fan Zone', '#F97316', 'Khu vực năng động dành cho fan, standing hoặc linh hoạt', 4, 'active', 1, '2026-04-01 23:16:43.073', NULL, NULL, false);
INSERT INTO ticketing.event_zone (event_zone_id, event_id, zone_code, zone_name, color_hex, description, display_order, status, created_by, created_at, updated_by, updated_at, is_deleted) VALUES (5, 2, 'VIP', 'Khu VIP', '#D4AF37', 'Khu vực gần sân khấu/trung tâm, trải nghiệm tốt nhất', 1, 'active', 1, '2026-04-01 23:16:43.073', NULL, NULL, false);
INSERT INTO ticketing.event_zone (event_zone_id, event_id, zone_code, zone_name, color_hex, description, display_order, status, created_by, created_at, updated_by, updated_at, is_deleted) VALUES (6, 2, 'STANDARD', 'Khu Standard', '#2563EB', 'Khu vực tiêu chuẩn với tầm nhìn tốt', 2, 'active', 1, '2026-04-01 23:16:43.073', NULL, NULL, false);
INSERT INTO ticketing.event_zone (event_zone_id, event_id, zone_code, zone_name, color_hex, description, display_order, status, created_by, created_at, updated_by, updated_at, is_deleted) VALUES (7, 2, 'ECONOMY', 'Khu Economy', '#10B981', 'Khu vực phổ thông, giá dễ tiếp cận', 3, 'active', 1, '2026-04-01 23:16:43.073', NULL, NULL, false);
INSERT INTO ticketing.event_zone (event_zone_id, event_id, zone_code, zone_name, color_hex, description, display_order, status, created_by, created_at, updated_by, updated_at, is_deleted) VALUES (8, 2, 'FANZONE', 'Khu Fan Zone', '#F97316', 'Khu vực năng động dành cho fan, standing hoặc linh hoạt', 4, 'active', 1, '2026-04-01 23:16:43.073', NULL, NULL, false);
INSERT INTO ticketing.event_zone (event_zone_id, event_id, zone_code, zone_name, color_hex, description, display_order, status, created_by, created_at, updated_by, updated_at, is_deleted) VALUES (9, 3, 'VIP', 'Khu VIP', '#D4AF37', 'Khu vực gần sân khấu/trung tâm, trải nghiệm tốt nhất', 1, 'active', 1, '2026-04-01 23:16:43.073', NULL, NULL, false);
INSERT INTO ticketing.event_zone (event_zone_id, event_id, zone_code, zone_name, color_hex, description, display_order, status, created_by, created_at, updated_by, updated_at, is_deleted) VALUES (10, 3, 'STANDARD', 'Khu Standard', '#2563EB', 'Khu vực tiêu chuẩn với tầm nhìn tốt', 2, 'active', 1, '2026-04-01 23:16:43.073', NULL, NULL, false);
INSERT INTO ticketing.event_zone (event_zone_id, event_id, zone_code, zone_name, color_hex, description, display_order, status, created_by, created_at, updated_by, updated_at, is_deleted) VALUES (11, 3, 'ECONOMY', 'Khu Economy', '#10B981', 'Khu vực phổ thông, giá dễ tiếp cận', 3, 'active', 1, '2026-04-01 23:16:43.073', NULL, NULL, false);
INSERT INTO ticketing.event_zone (event_zone_id, event_id, zone_code, zone_name, color_hex, description, display_order, status, created_by, created_at, updated_by, updated_at, is_deleted) VALUES (12, 3, 'FANZONE', 'Khu Fan Zone', '#F97316', 'Khu vực năng động dành cho fan, standing hoặc linh hoạt', 4, 'active', 1, '2026-04-01 23:16:43.073', NULL, NULL, false);
INSERT INTO ticketing.event_zone (event_zone_id, event_id, zone_code, zone_name, color_hex, description, display_order, status, created_by, created_at, updated_by, updated_at, is_deleted) VALUES (13, 4, 'VIP', 'Khu VIP', '#D4AF37', 'Khu vực gần sân khấu/trung tâm, trải nghiệm tốt nhất', 1, 'active', 1, '2026-04-01 23:16:43.073', NULL, NULL, false);
INSERT INTO ticketing.event_zone (event_zone_id, event_id, zone_code, zone_name, color_hex, description, display_order, status, created_by, created_at, updated_by, updated_at, is_deleted) VALUES (14, 4, 'STANDARD', 'Khu Standard', '#2563EB', 'Khu vực tiêu chuẩn với tầm nhìn tốt', 2, 'active', 1, '2026-04-01 23:16:43.073', NULL, NULL, false);
INSERT INTO ticketing.event_zone (event_zone_id, event_id, zone_code, zone_name, color_hex, description, display_order, status, created_by, created_at, updated_by, updated_at, is_deleted) VALUES (15, 4, 'ECONOMY', 'Khu Economy', '#10B981', 'Khu vực phổ thông, giá dễ tiếp cận', 3, 'active', 1, '2026-04-01 23:16:43.073', NULL, NULL, false);
INSERT INTO ticketing.event_zone (event_zone_id, event_id, zone_code, zone_name, color_hex, description, display_order, status, created_by, created_at, updated_by, updated_at, is_deleted) VALUES (16, 4, 'FANZONE', 'Khu Fan Zone', '#F97316', 'Khu vực năng động dành cho fan, standing hoặc linh hoạt', 4, 'active', 1, '2026-04-01 23:16:43.073', NULL, NULL, false);
INSERT INTO ticketing.event_zone (event_zone_id, event_id, zone_code, zone_name, color_hex, description, display_order, status, created_by, created_at, updated_by, updated_at, is_deleted) VALUES (17, 5, 'VIP', 'Khu VIP', '#D4AF37', 'Khu vực gần sân khấu/trung tâm, trải nghiệm tốt nhất', 1, 'active', 1, '2026-04-01 23:16:43.073', NULL, NULL, false);
INSERT INTO ticketing.event_zone (event_zone_id, event_id, zone_code, zone_name, color_hex, description, display_order, status, created_by, created_at, updated_by, updated_at, is_deleted) VALUES (18, 5, 'STANDARD', 'Khu Standard', '#2563EB', 'Khu vực tiêu chuẩn với tầm nhìn tốt', 2, 'active', 1, '2026-04-01 23:16:43.073', NULL, NULL, false);
INSERT INTO ticketing.event_zone (event_zone_id, event_id, zone_code, zone_name, color_hex, description, display_order, status, created_by, created_at, updated_by, updated_at, is_deleted) VALUES (19, 5, 'ECONOMY', 'Khu Economy', '#10B981', 'Khu vực phổ thông, giá dễ tiếp cận', 3, 'active', 1, '2026-04-01 23:16:43.073', NULL, NULL, false);
INSERT INTO ticketing.event_zone (event_zone_id, event_id, zone_code, zone_name, color_hex, description, display_order, status, created_by, created_at, updated_by, updated_at, is_deleted) VALUES (21, 6, 'VIP', 'Khu VIP', '#D4AF37', 'Khu vực gần sân khấu/trung tâm, trải nghiệm tốt nhất', 1, 'active', 1, '2026-04-01 23:16:43.073', NULL, NULL, false);
INSERT INTO ticketing.event_zone (event_zone_id, event_id, zone_code, zone_name, color_hex, description, display_order, status, created_by, created_at, updated_by, updated_at, is_deleted) VALUES (22, 6, 'STANDARD', 'Khu Standard', '#2563EB', 'Khu vực tiêu chuẩn với tầm nhìn tốt', 2, 'active', 1, '2026-04-01 23:16:43.073', NULL, NULL, false);
INSERT INTO ticketing.event_zone (event_zone_id, event_id, zone_code, zone_name, color_hex, description, display_order, status, created_by, created_at, updated_by, updated_at, is_deleted) VALUES (23, 6, 'ECONOMY', 'Khu Economy', '#10B981', 'Khu vực phổ thông, giá dễ tiếp cận', 3, 'active', 1, '2026-04-01 23:16:43.073', NULL, NULL, false);
INSERT INTO ticketing.event_zone (event_zone_id, event_id, zone_code, zone_name, color_hex, description, display_order, status, created_by, created_at, updated_by, updated_at, is_deleted) VALUES (24, 6, 'FANZONE', 'Khu Fan Zone', '#F97316', 'Khu vực năng động dành cho fan, standing hoặc linh hoạt', 4, 'active', 1, '2026-04-01 23:16:43.073', NULL, NULL, false);
INSERT INTO ticketing.event_zone (event_zone_id, event_id, zone_code, zone_name, color_hex, description, display_order, status, created_by, created_at, updated_by, updated_at, is_deleted) VALUES (25, 7, 'VIP', 'Khu VIP', '#D4AF37', 'Khu vực gần sân khấu/trung tâm, trải nghiệm tốt nhất', 1, 'active', 1, '2026-04-01 23:16:43.073', NULL, NULL, false);
INSERT INTO ticketing.event_zone (event_zone_id, event_id, zone_code, zone_name, color_hex, description, display_order, status, created_by, created_at, updated_by, updated_at, is_deleted) VALUES (26, 7, 'STANDARD', 'Khu Standard', '#2563EB', 'Khu vực tiêu chuẩn với tầm nhìn tốt', 2, 'active', 1, '2026-04-01 23:16:43.073', NULL, NULL, false);
INSERT INTO ticketing.event_zone (event_zone_id, event_id, zone_code, zone_name, color_hex, description, display_order, status, created_by, created_at, updated_by, updated_at, is_deleted) VALUES (27, 7, 'ECONOMY', 'Khu Economy', '#10B981', 'Khu vực phổ thông, giá dễ tiếp cận', 3, 'active', 1, '2026-04-01 23:16:43.073', NULL, NULL, false);
INSERT INTO ticketing.event_zone (event_zone_id, event_id, zone_code, zone_name, color_hex, description, display_order, status, created_by, created_at, updated_by, updated_at, is_deleted) VALUES (28, 7, 'FANZONE', 'Khu Fan Zone', '#F97316', 'Khu vực năng động dành cho fan, standing hoặc linh hoạt', 4, 'active', 1, '2026-04-01 23:16:43.073', NULL, NULL, false);
INSERT INTO ticketing.event_zone (event_zone_id, event_id, zone_code, zone_name, color_hex, description, display_order, status, created_by, created_at, updated_by, updated_at, is_deleted) VALUES (29, 8, 'VIP', 'Khu VIP', '#D4AF37', 'Khu vực gần sân khấu/trung tâm, trải nghiệm tốt nhất', 1, 'active', 1, '2026-04-01 23:16:43.073', NULL, NULL, false);
INSERT INTO ticketing.event_zone (event_zone_id, event_id, zone_code, zone_name, color_hex, description, display_order, status, created_by, created_at, updated_by, updated_at, is_deleted) VALUES (30, 8, 'STANDARD', 'Khu Standard', '#2563EB', 'Khu vực tiêu chuẩn với tầm nhìn tốt', 2, 'active', 1, '2026-04-01 23:16:43.073', NULL, NULL, false);
INSERT INTO ticketing.event_zone (event_zone_id, event_id, zone_code, zone_name, color_hex, description, display_order, status, created_by, created_at, updated_by, updated_at, is_deleted) VALUES (31, 8, 'ECONOMY', 'Khu Economy', '#10B981', 'Khu vực phổ thông, giá dễ tiếp cận', 3, 'active', 1, '2026-04-01 23:16:43.073', NULL, NULL, false);
INSERT INTO ticketing.event_zone (event_zone_id, event_id, zone_code, zone_name, color_hex, description, display_order, status, created_by, created_at, updated_by, updated_at, is_deleted) VALUES (32, 8, 'FANZONE', 'Khu Fan Zone', '#F97316', 'Khu vực năng động dành cho fan, standing hoặc linh hoạt', 4, 'active', 1, '2026-04-01 23:16:43.073', NULL, NULL, false);
INSERT INTO ticketing.event_zone (event_zone_id, event_id, zone_code, zone_name, color_hex, description, display_order, status, created_by, created_at, updated_by, updated_at, is_deleted) VALUES (33, 9, 'VIP', 'Khu VIP', '#D4AF37', 'Khu vực gần sân khấu/trung tâm, trải nghiệm tốt nhất', 1, 'active', 1, '2026-04-01 23:16:43.073', NULL, NULL, false);
INSERT INTO ticketing.event_zone (event_zone_id, event_id, zone_code, zone_name, color_hex, description, display_order, status, created_by, created_at, updated_by, updated_at, is_deleted) VALUES (34, 9, 'STANDARD', 'Khu Standard', '#2563EB', 'Khu vực tiêu chuẩn với tầm nhìn tốt', 2, 'active', 1, '2026-04-01 23:16:43.073', NULL, NULL, false);
INSERT INTO ticketing.event_zone (event_zone_id, event_id, zone_code, zone_name, color_hex, description, display_order, status, created_by, created_at, updated_by, updated_at, is_deleted) VALUES (35, 9, 'ECONOMY', 'Khu Economy', '#10B981', 'Khu vực phổ thông, giá dễ tiếp cận', 3, 'active', 1, '2026-04-01 23:16:43.073', NULL, NULL, false);
INSERT INTO ticketing.event_zone (event_zone_id, event_id, zone_code, zone_name, color_hex, description, display_order, status, created_by, created_at, updated_by, updated_at, is_deleted) VALUES (36, 9, 'FANZONE', 'Khu Fan Zone', '#F97316', 'Khu vực năng động dành cho fan, standing hoặc linh hoạt', 4, 'active', 1, '2026-04-01 23:16:43.073', NULL, NULL, false);
INSERT INTO ticketing.event_zone (event_zone_id, event_id, zone_code, zone_name, color_hex, description, display_order, status, created_by, created_at, updated_by, updated_at, is_deleted) VALUES (37, 10, 'VIP', 'Khu VIP', '#D4AF37', 'Khu vực gần sân khấu/trung tâm, trải nghiệm tốt nhất', 1, 'active', 1, '2026-04-01 23:16:43.073', NULL, NULL, false);
INSERT INTO ticketing.event_zone (event_zone_id, event_id, zone_code, zone_name, color_hex, description, display_order, status, created_by, created_at, updated_by, updated_at, is_deleted) VALUES (38, 10, 'STANDARD', 'Khu Standard', '#2563EB', 'Khu vực tiêu chuẩn với tầm nhìn tốt', 2, 'active', 1, '2026-04-01 23:16:43.073', NULL, NULL, false);
INSERT INTO ticketing.event_zone (event_zone_id, event_id, zone_code, zone_name, color_hex, description, display_order, status, created_by, created_at, updated_by, updated_at, is_deleted) VALUES (39, 10, 'ECONOMY', 'Khu Economy', '#10B981', 'Khu vực phổ thông, giá dễ tiếp cận', 3, 'active', 1, '2026-04-01 23:16:43.073', NULL, NULL, false);
INSERT INTO ticketing.event_zone (event_zone_id, event_id, zone_code, zone_name, color_hex, description, display_order, status, created_by, created_at, updated_by, updated_at, is_deleted) VALUES (40, 10, 'FANZONE', 'Khu Fan Zone', '#F97316', 'Khu vực năng động dành cho fan, standing hoặc linh hoạt', 4, 'active', 1, '2026-04-01 23:16:43.073', NULL, NULL, false);
INSERT INTO ticketing.event_zone (event_zone_id, event_id, zone_code, zone_name, color_hex, description, display_order, status, created_by, created_at, updated_by, updated_at, is_deleted) VALUES (41, 11, 'VIP', 'Khu VIP', '#D4AF37', 'Khu vực gần sân khấu/trung tâm, trải nghiệm tốt nhất', 1, 'active', 1, '2026-04-01 23:16:43.073', NULL, NULL, false);
INSERT INTO ticketing.event_zone (event_zone_id, event_id, zone_code, zone_name, color_hex, description, display_order, status, created_by, created_at, updated_by, updated_at, is_deleted) VALUES (42, 11, 'STANDARD', 'Khu Standard', '#2563EB', 'Khu vực tiêu chuẩn với tầm nhìn tốt', 2, 'active', 1, '2026-04-01 23:16:43.073', NULL, NULL, false);
INSERT INTO ticketing.event_zone (event_zone_id, event_id, zone_code, zone_name, color_hex, description, display_order, status, created_by, created_at, updated_by, updated_at, is_deleted) VALUES (43, 11, 'ECONOMY', 'Khu Economy', '#10B981', 'Khu vực phổ thông, giá dễ tiếp cận', 3, 'active', 1, '2026-04-01 23:16:43.073', NULL, NULL, false);
INSERT INTO ticketing.event_zone (event_zone_id, event_id, zone_code, zone_name, color_hex, description, display_order, status, created_by, created_at, updated_by, updated_at, is_deleted) VALUES (44, 11, 'FANZONE', 'Khu Fan Zone', '#F97316', 'Khu vực năng động dành cho fan, standing hoặc linh hoạt', 4, 'active', 1, '2026-04-01 23:16:43.073', NULL, NULL, false);
INSERT INTO ticketing.event_zone (event_zone_id, event_id, zone_code, zone_name, color_hex, description, display_order, status, created_by, created_at, updated_by, updated_at, is_deleted) VALUES (45, 12, 'VIP', 'Khu VIP', '#D4AF37', 'Khu vực gần sân khấu/trung tâm, trải nghiệm tốt nhất', 1, 'active', 1, '2026-04-01 23:16:43.073', NULL, NULL, false);
INSERT INTO ticketing.event_zone (event_zone_id, event_id, zone_code, zone_name, color_hex, description, display_order, status, created_by, created_at, updated_by, updated_at, is_deleted) VALUES (46, 12, 'STANDARD', 'Khu Standard', '#2563EB', 'Khu vực tiêu chuẩn với tầm nhìn tốt', 2, 'active', 1, '2026-04-01 23:16:43.073', NULL, NULL, false);
INSERT INTO ticketing.event_zone (event_zone_id, event_id, zone_code, zone_name, color_hex, description, display_order, status, created_by, created_at, updated_by, updated_at, is_deleted) VALUES (47, 12, 'ECONOMY', 'Khu Economy', '#10B981', 'Khu vực phổ thông, giá dễ tiếp cận', 3, 'active', 1, '2026-04-01 23:16:43.073', NULL, NULL, false);
INSERT INTO ticketing.event_zone (event_zone_id, event_id, zone_code, zone_name, color_hex, description, display_order, status, created_by, created_at, updated_by, updated_at, is_deleted) VALUES (48, 12, 'FANZONE', 'Khu Fan Zone', '#F97316', 'Khu vực năng động dành cho fan, standing hoặc linh hoạt', 4, 'active', 1, '2026-04-01 23:16:43.073', NULL, NULL, false);
INSERT INTO ticketing.event_zone (event_zone_id, event_id, zone_code, zone_name, color_hex, description, display_order, status, created_by, created_at, updated_by, updated_at, is_deleted) VALUES (49, 13, 'VIP', 'Khu VIP', '#D4AF37', 'Khu vực gần sân khấu/trung tâm, trải nghiệm tốt nhất', 1, 'active', 1, '2026-04-01 23:16:43.073', NULL, NULL, false);
INSERT INTO ticketing.event_zone (event_zone_id, event_id, zone_code, zone_name, color_hex, description, display_order, status, created_by, created_at, updated_by, updated_at, is_deleted) VALUES (50, 13, 'STANDARD', 'Khu Standard', '#2563EB', 'Khu vực tiêu chuẩn với tầm nhìn tốt', 2, 'active', 1, '2026-04-01 23:16:43.073', NULL, NULL, false);
INSERT INTO ticketing.event_zone (event_zone_id, event_id, zone_code, zone_name, color_hex, description, display_order, status, created_by, created_at, updated_by, updated_at, is_deleted) VALUES (51, 13, 'ECONOMY', 'Khu Economy', '#10B981', 'Khu vực phổ thông, giá dễ tiếp cận', 3, 'active', 1, '2026-04-01 23:16:43.073', NULL, NULL, false);
INSERT INTO ticketing.event_zone (event_zone_id, event_id, zone_code, zone_name, color_hex, description, display_order, status, created_by, created_at, updated_by, updated_at, is_deleted) VALUES (52, 13, 'FANZONE', 'Khu Fan Zone', '#F97316', 'Khu vực năng động dành cho fan, standing hoặc linh hoạt', 4, 'active', 1, '2026-04-01 23:16:43.073', NULL, NULL, false);
INSERT INTO ticketing.event_zone (event_zone_id, event_id, zone_code, zone_name, color_hex, description, display_order, status, created_by, created_at, updated_by, updated_at, is_deleted) VALUES (53, 14, 'VIP', 'Khu VIP', '#D4AF37', 'Khu vực gần sân khấu/trung tâm, trải nghiệm tốt nhất', 1, 'active', 1, '2026-04-01 23:16:43.073', NULL, NULL, false);
INSERT INTO ticketing.event_zone (event_zone_id, event_id, zone_code, zone_name, color_hex, description, display_order, status, created_by, created_at, updated_by, updated_at, is_deleted) VALUES (54, 14, 'STANDARD', 'Khu Standard', '#2563EB', 'Khu vực tiêu chuẩn với tầm nhìn tốt', 2, 'active', 1, '2026-04-01 23:16:43.073', NULL, NULL, false);
INSERT INTO ticketing.event_zone (event_zone_id, event_id, zone_code, zone_name, color_hex, description, display_order, status, created_by, created_at, updated_by, updated_at, is_deleted) VALUES (55, 14, 'ECONOMY', 'Khu Economy', '#10B981', 'Khu vực phổ thông, giá dễ tiếp cận', 3, 'active', 1, '2026-04-01 23:16:43.073', NULL, NULL, false);
INSERT INTO ticketing.event_zone (event_zone_id, event_id, zone_code, zone_name, color_hex, description, display_order, status, created_by, created_at, updated_by, updated_at, is_deleted) VALUES (56, 14, 'FANZONE', 'Khu Fan Zone', '#F97316', 'Khu vực năng động dành cho fan, standing hoặc linh hoạt', 4, 'active', 1, '2026-04-01 23:16:43.073', NULL, NULL, false);
INSERT INTO ticketing.event_zone (event_zone_id, event_id, zone_code, zone_name, color_hex, description, display_order, status, created_by, created_at, updated_by, updated_at, is_deleted) VALUES (57, 15, 'VIP', 'Khu VIP', '#D4AF37', 'Khu vực gần sân khấu/trung tâm, trải nghiệm tốt nhất', 1, 'active', 1, '2026-04-01 23:16:43.073', NULL, NULL, false);
INSERT INTO ticketing.event_zone (event_zone_id, event_id, zone_code, zone_name, color_hex, description, display_order, status, created_by, created_at, updated_by, updated_at, is_deleted) VALUES (58, 15, 'STANDARD', 'Khu Standard', '#2563EB', 'Khu vực tiêu chuẩn với tầm nhìn tốt', 2, 'active', 1, '2026-04-01 23:16:43.073', NULL, NULL, false);
INSERT INTO ticketing.event_zone (event_zone_id, event_id, zone_code, zone_name, color_hex, description, display_order, status, created_by, created_at, updated_by, updated_at, is_deleted) VALUES (59, 15, 'ECONOMY', 'Khu Economy', '#10B981', 'Khu vực phổ thông, giá dễ tiếp cận', 3, 'active', 1, '2026-04-01 23:16:43.073', NULL, NULL, false);
INSERT INTO ticketing.event_zone (event_zone_id, event_id, zone_code, zone_name, color_hex, description, display_order, status, created_by, created_at, updated_by, updated_at, is_deleted) VALUES (60, 15, 'FANZONE', 'Khu Fan Zone', '#F97316', 'Khu vực năng động dành cho fan, standing hoặc linh hoạt', 4, 'active', 1, '2026-04-01 23:16:43.073', NULL, NULL, false);
INSERT INTO ticketing.event_zone (event_zone_id, event_id, zone_code, zone_name, color_hex, description, display_order, status, created_by, created_at, updated_by, updated_at, is_deleted) VALUES (20, 5, 'FANZONE', 'Khu Fan Zone', '#F97316', 'Khu vực năng động dành cho fan, standing hoặc linh hoạt', 4, 'active', 1, '2026-04-01 23:16:43.073', 1, '2026-04-04 14:42:27.752', true);
INSERT INTO ticketing.event_zone (event_zone_id, event_id, zone_code, zone_name, color_hex, description, display_order, status, created_by, created_at, updated_by, updated_at, is_deleted) VALUES (61, 16, 'CHAMPION', 'CHAMPION ZONE', '#c8f4db', 'Đây là khu vực gần sân khấu nhất', 1, 'active', 1, '2026-04-04 16:02:06.068', 1, '2026-05-31 08:09:01.657', false);
INSERT INTO ticketing.event_zone (event_zone_id, event_id, zone_code, zone_name, color_hex, description, display_order, status, created_by, created_at, updated_by, updated_at, is_deleted) VALUES (62, 16, 'DIAMON1', 'DIAMON1', '#e5d094', 'VIP B', 2, 'active', 1, '2026-04-04 16:02:26.605', 1, '2026-05-31 08:09:13.362', false);
INSERT INTO ticketing.event_zone (event_zone_id, event_id, zone_code, zone_name, color_hex, description, display_order, status, created_by, created_at, updated_by, updated_at, is_deleted) VALUES (64, 16, 'DIAMON2', 'DIAMON2', '#ccff00', 'STAND_C', 3, 'active', 1, '2026-04-04 16:03:12.104', 1, '2026-05-31 08:09:20.117', false);
INSERT INTO ticketing.event_zone (event_zone_id, event_id, zone_code, zone_name, color_hex, description, display_order, status, created_by, created_at, updated_by, updated_at, is_deleted) VALUES (63, 16, 'PRIME1', 'PRIME1', '#8cff00', 'STAND_A', 3, 'active', 1, '2026-04-04 16:02:54.23', 1, '2026-05-31 08:09:34.247', false);


--
-- Data for Name: sys_user; Type: TABLE DATA; Schema: ticketing; Owner: -
--

INSERT INTO ticketing.sys_user (user_id, username, email, phone, password_hash, full_name, user_type, status, last_login_at, created_by, created_at, updated_by, updated_at, is_deleted) VALUES (1, 'admin', 'admin@ticketing.local', '0900000001', 'pbkdf2$100000$/83MfGwqKrHESD8wYWllvg==$t/CYhBYQp/6UWMIpKOlDqNSlOrrAnPGHFZqlsj5V4z0=', 'System Admin', 'admin', 'active', NULL, NULL, '2026-03-23 23:39:46.426', 1, '2026-03-31 15:20:25.724', false);
INSERT INTO ticketing.sys_user (user_id, username, email, phone, password_hash, full_name, user_type, status, last_login_at, created_by, created_at, updated_by, updated_at, is_deleted) VALUES (4, 'admin01', 'tannguyenltt313@gmail.com', '0389036120', 'pbkdf2$100000$JkEPaFwALkxF2LR9sCecQA==$PnH+uH04q3RXNJI00P6hFLEsgq8Zy9w2Sog1nJrgOL0=', 'Nguyễn Thiện Tân', 'admin', 'active', NULL, 1, '2026-03-31 15:48:00.555', 1, '2026-03-31 16:12:04.002', false);
INSERT INTO ticketing.sys_user (user_id, username, email, phone, password_hash, full_name, user_type, status, last_login_at, created_by, created_at, updated_by, updated_at, is_deleted) VALUES (7, 'test001', 'tannguyenltt31@gmail.com', '0389036121', 'pbkdf2$100000$cq28RZnzZxpOX4qYLxzwow==$MMV4u3ROlLxy2nFb+yFvJkGFCDSK4F/qUIn+1J9/PJU=', 'Nguyễn Thiện Tân', 'admin', 'active', NULL, 1, '2026-03-31 15:55:13.919', 1, '2026-03-31 16:12:14.424', true);


--
-- Data for Name: venue_section; Type: TABLE DATA; Schema: ticketing; Owner: -
--

INSERT INTO ticketing.venue_section (section_id, venue_id, section_code, section_name, display_order, status, created_by, created_at, updated_by, updated_at, is_deleted) VALUES (1, 1, 'VIP_A', 'Khu VIP A', 1, 'active', 1, '2026-04-01 23:17:19.955', NULL, NULL, false);
INSERT INTO ticketing.venue_section (section_id, venue_id, section_code, section_name, display_order, status, created_by, created_at, updated_by, updated_at, is_deleted) VALUES (2, 1, 'VIP_B', 'Khu VIP B', 2, 'active', 1, '2026-04-01 23:17:19.955', NULL, NULL, false);
INSERT INTO ticketing.venue_section (section_id, venue_id, section_code, section_name, display_order, status, created_by, created_at, updated_by, updated_at, is_deleted) VALUES (3, 1, 'STANDARD_A', 'Khu Standard A', 3, 'active', 1, '2026-04-01 23:17:19.955', NULL, NULL, false);
INSERT INTO ticketing.venue_section (section_id, venue_id, section_code, section_name, display_order, status, created_by, created_at, updated_by, updated_at, is_deleted) VALUES (4, 1, 'STANDARD_B', 'Khu Standard B', 4, 'active', 1, '2026-04-01 23:17:19.955', NULL, NULL, false);
INSERT INTO ticketing.venue_section (section_id, venue_id, section_code, section_name, display_order, status, created_by, created_at, updated_by, updated_at, is_deleted) VALUES (5, 2, 'VIP_A', 'Khu VIP A', 1, 'active', 1, '2026-04-01 23:17:19.955', NULL, NULL, false);
INSERT INTO ticketing.venue_section (section_id, venue_id, section_code, section_name, display_order, status, created_by, created_at, updated_by, updated_at, is_deleted) VALUES (6, 2, 'VIP_B', 'Khu VIP B', 2, 'active', 1, '2026-04-01 23:17:19.955', NULL, NULL, false);
INSERT INTO ticketing.venue_section (section_id, venue_id, section_code, section_name, display_order, status, created_by, created_at, updated_by, updated_at, is_deleted) VALUES (7, 2, 'STANDARD_A', 'Khu Standard A', 3, 'active', 1, '2026-04-01 23:17:19.955', NULL, NULL, false);
INSERT INTO ticketing.venue_section (section_id, venue_id, section_code, section_name, display_order, status, created_by, created_at, updated_by, updated_at, is_deleted) VALUES (8, 2, 'STANDARD_B', 'Khu Standard B', 4, 'active', 1, '2026-04-01 23:17:19.955', NULL, NULL, false);
INSERT INTO ticketing.venue_section (section_id, venue_id, section_code, section_name, display_order, status, created_by, created_at, updated_by, updated_at, is_deleted) VALUES (9, 3, 'VIP_A', 'Khu VIP A', 1, 'active', 1, '2026-04-01 23:17:19.955', NULL, NULL, false);
INSERT INTO ticketing.venue_section (section_id, venue_id, section_code, section_name, display_order, status, created_by, created_at, updated_by, updated_at, is_deleted) VALUES (10, 3, 'VIP_B', 'Khu VIP B', 2, 'active', 1, '2026-04-01 23:17:19.955', NULL, NULL, false);
INSERT INTO ticketing.venue_section (section_id, venue_id, section_code, section_name, display_order, status, created_by, created_at, updated_by, updated_at, is_deleted) VALUES (11, 3, 'STANDARD_A', 'Khu Standard A', 3, 'active', 1, '2026-04-01 23:17:19.955', NULL, NULL, false);
INSERT INTO ticketing.venue_section (section_id, venue_id, section_code, section_name, display_order, status, created_by, created_at, updated_by, updated_at, is_deleted) VALUES (12, 3, 'STANDARD_B', 'Khu Standard B', 4, 'active', 1, '2026-04-01 23:17:19.955', NULL, NULL, false);
INSERT INTO ticketing.venue_section (section_id, venue_id, section_code, section_name, display_order, status, created_by, created_at, updated_by, updated_at, is_deleted) VALUES (13, 4, 'VIP_A', 'Khu VIP A', 1, 'active', 1, '2026-04-01 23:17:19.955', NULL, NULL, false);
INSERT INTO ticketing.venue_section (section_id, venue_id, section_code, section_name, display_order, status, created_by, created_at, updated_by, updated_at, is_deleted) VALUES (14, 4, 'VIP_B', 'Khu VIP B', 2, 'active', 1, '2026-04-01 23:17:19.955', NULL, NULL, false);
INSERT INTO ticketing.venue_section (section_id, venue_id, section_code, section_name, display_order, status, created_by, created_at, updated_by, updated_at, is_deleted) VALUES (15, 4, 'STANDARD_A', 'Khu Standard A', 3, 'active', 1, '2026-04-01 23:17:19.955', NULL, NULL, false);
INSERT INTO ticketing.venue_section (section_id, venue_id, section_code, section_name, display_order, status, created_by, created_at, updated_by, updated_at, is_deleted) VALUES (16, 4, 'STANDARD_B', 'Khu Standard B', 4, 'active', 1, '2026-04-01 23:17:19.955', NULL, NULL, false);
INSERT INTO ticketing.venue_section (section_id, venue_id, section_code, section_name, display_order, status, created_by, created_at, updated_by, updated_at, is_deleted) VALUES (17, 5, 'VIP_A', 'Khu VIP A', 1, 'active', 1, '2026-04-01 23:17:19.955', NULL, NULL, false);
INSERT INTO ticketing.venue_section (section_id, venue_id, section_code, section_name, display_order, status, created_by, created_at, updated_by, updated_at, is_deleted) VALUES (18, 5, 'VIP_B', 'Khu VIP B', 2, 'active', 1, '2026-04-01 23:17:19.955', NULL, NULL, false);
INSERT INTO ticketing.venue_section (section_id, venue_id, section_code, section_name, display_order, status, created_by, created_at, updated_by, updated_at, is_deleted) VALUES (19, 5, 'STANDARD_A', 'Khu Standard A', 3, 'active', 1, '2026-04-01 23:17:19.955', NULL, NULL, false);
INSERT INTO ticketing.venue_section (section_id, venue_id, section_code, section_name, display_order, status, created_by, created_at, updated_by, updated_at, is_deleted) VALUES (20, 5, 'STANDARD_B', 'Khu Standard B', 4, 'active', 1, '2026-04-01 23:17:19.955', NULL, NULL, false);


--
-- Data for Name: venue_seat; Type: TABLE DATA; Schema: ticketing; Owner: -
--

INSERT INTO ticketing.venue_seat (seat_id, venue_id, section_id, seat_code, row_label, seat_number, seat_label, x_pos, y_pos, seat_type, status, created_by, created_at, updated_by, updated_at, is_deleted) VALUES (101, 1, 1, 'VIPA_A01', 'A', '01', 'A01', 10.00, 12.00, 'seat', 'active', 1, '2026-04-01 23:17:19.955', NULL, NULL, false);
INSERT INTO ticketing.venue_seat (seat_id, venue_id, section_id, seat_code, row_label, seat_number, seat_label, x_pos, y_pos, seat_type, status, created_by, created_at, updated_by, updated_at, is_deleted) VALUES (201, 1, 1, 'VIPA_B01', 'B', '01', 'B01', 10.00, 24.00, 'seat', 'active', 1, '2026-04-01 23:17:19.955', NULL, NULL, false);
INSERT INTO ticketing.venue_seat (seat_id, venue_id, section_id, seat_code, row_label, seat_number, seat_label, x_pos, y_pos, seat_type, status, created_by, created_at, updated_by, updated_at, is_deleted) VALUES (301, 1, 1, 'VIPA_C01', 'C', '01', 'C01', 10.00, 36.00, 'seat', 'active', 1, '2026-04-01 23:17:19.955', NULL, NULL, false);
INSERT INTO ticketing.venue_seat (seat_id, venue_id, section_id, seat_code, row_label, seat_number, seat_label, x_pos, y_pos, seat_type, status, created_by, created_at, updated_by, updated_at, is_deleted) VALUES (4101, 2, 5, 'VIPA_A01', 'A', '01', 'A01', 10.00, 12.00, 'seat', 'active', 1, '2026-04-01 23:17:19.955', NULL, NULL, false);
INSERT INTO ticketing.venue_seat (seat_id, venue_id, section_id, seat_code, row_label, seat_number, seat_label, x_pos, y_pos, seat_type, status, created_by, created_at, updated_by, updated_at, is_deleted) VALUES (4201, 2, 5, 'VIPA_B01', 'B', '01', 'B01', 10.00, 24.00, 'seat', 'active', 1, '2026-04-01 23:17:19.955', NULL, NULL, false);
INSERT INTO ticketing.venue_seat (seat_id, venue_id, section_id, seat_code, row_label, seat_number, seat_label, x_pos, y_pos, seat_type, status, created_by, created_at, updated_by, updated_at, is_deleted) VALUES (4301, 2, 5, 'VIPA_C01', 'C', '01', 'C01', 10.00, 36.00, 'seat', 'active', 1, '2026-04-01 23:17:19.955', NULL, NULL, false);
INSERT INTO ticketing.venue_seat (seat_id, venue_id, section_id, seat_code, row_label, seat_number, seat_label, x_pos, y_pos, seat_type, status, created_by, created_at, updated_by, updated_at, is_deleted) VALUES (8101, 3, 9, 'VIPA_A01', 'A', '01', 'A01', 10.00, 12.00, 'seat', 'active', 1, '2026-04-01 23:17:19.955', NULL, NULL, false);
INSERT INTO ticketing.venue_seat (seat_id, venue_id, section_id, seat_code, row_label, seat_number, seat_label, x_pos, y_pos, seat_type, status, created_by, created_at, updated_by, updated_at, is_deleted) VALUES (8201, 3, 9, 'VIPA_B01', 'B', '01', 'B01', 10.00, 24.00, 'seat', 'active', 1, '2026-04-01 23:17:19.955', NULL, NULL, false);
INSERT INTO ticketing.venue_seat (seat_id, venue_id, section_id, seat_code, row_label, seat_number, seat_label, x_pos, y_pos, seat_type, status, created_by, created_at, updated_by, updated_at, is_deleted) VALUES (8301, 3, 9, 'VIPA_C01', 'C', '01', 'C01', 10.00, 36.00, 'seat', 'active', 1, '2026-04-01 23:17:19.955', NULL, NULL, false);
INSERT INTO ticketing.venue_seat (seat_id, venue_id, section_id, seat_code, row_label, seat_number, seat_label, x_pos, y_pos, seat_type, status, created_by, created_at, updated_by, updated_at, is_deleted) VALUES (12101, 4, 13, 'VIPA_A01', 'A', '01', 'A01', 10.00, 12.00, 'seat', 'active', 1, '2026-04-01 23:17:19.955', NULL, NULL, false);
INSERT INTO ticketing.venue_seat (seat_id, venue_id, section_id, seat_code, row_label, seat_number, seat_label, x_pos, y_pos, seat_type, status, created_by, created_at, updated_by, updated_at, is_deleted) VALUES (12201, 4, 13, 'VIPA_B01', 'B', '01', 'B01', 10.00, 24.00, 'seat', 'active', 1, '2026-04-01 23:17:19.955', NULL, NULL, false);
INSERT INTO ticketing.venue_seat (seat_id, venue_id, section_id, seat_code, row_label, seat_number, seat_label, x_pos, y_pos, seat_type, status, created_by, created_at, updated_by, updated_at, is_deleted) VALUES (12301, 4, 13, 'VIPA_C01', 'C', '01', 'C01', 10.00, 36.00, 'seat', 'active', 1, '2026-04-01 23:17:19.955', NULL, NULL, false);
INSERT INTO ticketing.venue_seat (seat_id, venue_id, section_id, seat_code, row_label, seat_number, seat_label, x_pos, y_pos, seat_type, status, created_by, created_at, updated_by, updated_at, is_deleted) VALUES (16101, 5, 17, 'VIPA_A01', 'A', '01', 'A01', 10.00, 12.00, 'seat', 'active', 1, '2026-04-01 23:17:19.955', NULL, NULL, false);
INSERT INTO ticketing.venue_seat (seat_id, venue_id, section_id, seat_code, row_label, seat_number, seat_label, x_pos, y_pos, seat_type, status, created_by, created_at, updated_by, updated_at, is_deleted) VALUES (16201, 5, 17, 'VIPA_B01', 'B', '01', 'B01', 10.00, 24.00, 'seat', 'active', 1, '2026-04-01 23:17:19.955', NULL, NULL, false);
INSERT INTO ticketing.venue_seat (seat_id, venue_id, section_id, seat_code, row_label, seat_number, seat_label, x_pos, y_pos, seat_type, status, created_by, created_at, updated_by, updated_at, is_deleted) VALUES (16301, 5, 17, 'VIPA_C01', 'C', '01', 'C01', 10.00, 36.00, 'seat', 'active', 1, '2026-04-01 23:17:19.955', NULL, NULL, false);
INSERT INTO ticketing.venue_seat (seat_id, venue_id, section_id, seat_code, row_label, seat_number, seat_label, x_pos, y_pos, seat_type, status, created_by, created_at, updated_by, updated_at, is_deleted) VALUES (102, 1, 1, 'VIPA_A02', 'A', '02', 'A02', 20.00, 12.00, 'seat', 'active', 1, '2026-04-01 23:17:19.955', NULL, NULL, false);
INSERT INTO ticketing.venue_seat (seat_id, venue_id, section_id, seat_code, row_label, seat_number, seat_label, x_pos, y_pos, seat_type, status, created_by, created_at, updated_by, updated_at, is_deleted) VALUES (202, 1, 1, 'VIPA_B02', 'B', '02', 'B02', 20.00, 24.00, 'seat', 'active', 1, '2026-04-01 23:17:19.955', NULL, NULL, false);
INSERT INTO ticketing.venue_seat (seat_id, venue_id, section_id, seat_code, row_label, seat_number, seat_label, x_pos, y_pos, seat_type, status, created_by, created_at, updated_by, updated_at, is_deleted) VALUES (302, 1, 1, 'VIPA_C02', 'C', '02', 'C02', 20.00, 36.00, 'seat', 'active', 1, '2026-04-01 23:17:19.955', NULL, NULL, false);
INSERT INTO ticketing.venue_seat (seat_id, venue_id, section_id, seat_code, row_label, seat_number, seat_label, x_pos, y_pos, seat_type, status, created_by, created_at, updated_by, updated_at, is_deleted) VALUES (4102, 2, 5, 'VIPA_A02', 'A', '02', 'A02', 20.00, 12.00, 'seat', 'active', 1, '2026-04-01 23:17:19.955', NULL, NULL, false);
INSERT INTO ticketing.venue_seat (seat_id, venue_id, section_id, seat_code, row_label, seat_number, seat_label, x_pos, y_pos, seat_type, status, created_by, created_at, updated_by, updated_at, is_deleted) VALUES (4202, 2, 5, 'VIPA_B02', 'B', '02', 'B02', 20.00, 24.00, 'seat', 'active', 1, '2026-04-01 23:17:19.955', NULL, NULL, false);
INSERT INTO ticketing.venue_seat (seat_id, venue_id, section_id, seat_code, row_label, seat_number, seat_label, x_pos, y_pos, seat_type, status, created_by, created_at, updated_by, updated_at, is_deleted) VALUES (4302, 2, 5, 'VIPA_C02', 'C', '02', 'C02', 20.00, 36.00, 'seat', 'active', 1, '2026-04-01 23:17:19.955', NULL, NULL, false);
INSERT INTO ticketing.venue_seat (seat_id, venue_id, section_id, seat_code, row_label, seat_number, seat_label, x_pos, y_pos, seat_type, status, created_by, created_at, updated_by, updated_at, is_deleted) VALUES (8102, 3, 9, 'VIPA_A02', 'A', '02', 'A02', 20.00, 12.00, 'seat', 'active', 1, '2026-04-01 23:17:19.955', NULL, NULL, false);
INSERT INTO ticketing.venue_seat (seat_id, venue_id, section_id, seat_code, row_label, seat_number, seat_label, x_pos, y_pos, seat_type, status, created_by, created_at, updated_by, updated_at, is_deleted) VALUES (8202, 3, 9, 'VIPA_B02', 'B', '02', 'B02', 20.00, 24.00, 'seat', 'active', 1, '2026-04-01 23:17:19.955', NULL, NULL, false);
INSERT INTO ticketing.venue_seat (seat_id, venue_id, section_id, seat_code, row_label, seat_number, seat_label, x_pos, y_pos, seat_type, status, created_by, created_at, updated_by, updated_at, is_deleted) VALUES (8302, 3, 9, 'VIPA_C02', 'C', '02', 'C02', 20.00, 36.00, 'seat', 'active', 1, '2026-04-01 23:17:19.955', NULL, NULL, false);
INSERT INTO ticketing.venue_seat (seat_id, venue_id, section_id, seat_code, row_label, seat_number, seat_label, x_pos, y_pos, seat_type, status, created_by, created_at, updated_by, updated_at, is_deleted) VALUES (12102, 4, 13, 'VIPA_A02', 'A', '02', 'A02', 20.00, 12.00, 'seat', 'active', 1, '2026-04-01 23:17:19.955', NULL, NULL, false);
INSERT INTO ticketing.venue_seat (seat_id, venue_id, section_id, seat_code, row_label, seat_number, seat_label, x_pos, y_pos, seat_type, status, created_by, created_at, updated_by, updated_at, is_deleted) VALUES (12202, 4, 13, 'VIPA_B02', 'B', '02', 'B02', 20.00, 24.00, 'seat', 'active', 1, '2026-04-01 23:17:19.955', NULL, NULL, false);
INSERT INTO ticketing.venue_seat (seat_id, venue_id, section_id, seat_code, row_label, seat_number, seat_label, x_pos, y_pos, seat_type, status, created_by, created_at, updated_by, updated_at, is_deleted) VALUES (12302, 4, 13, 'VIPA_C02', 'C', '02', 'C02', 20.00, 36.00, 'seat', 'active', 1, '2026-04-01 23:17:19.955', NULL, NULL, false);
INSERT INTO ticketing.venue_seat (seat_id, venue_id, section_id, seat_code, row_label, seat_number, seat_label, x_pos, y_pos, seat_type, status, created_by, created_at, updated_by, updated_at, is_deleted) VALUES (16102, 5, 17, 'VIPA_A02', 'A', '02', 'A02', 20.00, 12.00, 'seat', 'active', 1, '2026-04-01 23:17:19.955', NULL, NULL, false);
INSERT INTO ticketing.venue_seat (seat_id, venue_id, section_id, seat_code, row_label, seat_number, seat_label, x_pos, y_pos, seat_type, status, created_by, created_at, updated_by, updated_at, is_deleted) VALUES (16202, 5, 17, 'VIPA_B02', 'B', '02', 'B02', 20.00, 24.00, 'seat', 'active', 1, '2026-04-01 23:17:19.955', NULL, NULL, false);
INSERT INTO ticketing.venue_seat (seat_id, venue_id, section_id, seat_code, row_label, seat_number, seat_label, x_pos, y_pos, seat_type, status, created_by, created_at, updated_by, updated_at, is_deleted) VALUES (16302, 5, 17, 'VIPA_C02', 'C', '02', 'C02', 20.00, 36.00, 'seat', 'active', 1, '2026-04-01 23:17:19.955', NULL, NULL, false);
INSERT INTO ticketing.venue_seat (seat_id, venue_id, section_id, seat_code, row_label, seat_number, seat_label, x_pos, y_pos, seat_type, status, created_by, created_at, updated_by, updated_at, is_deleted) VALUES (103, 1, 1, 'VIPA_A03', 'A', '03', 'A03', 30.00, 12.00, 'seat', 'active', 1, '2026-04-01 23:17:19.955', NULL, NULL, false);
INSERT INTO ticketing.venue_seat (seat_id, venue_id, section_id, seat_code, row_label, seat_number, seat_label, x_pos, y_pos, seat_type, status, created_by, created_at, updated_by, updated_at, is_deleted) VALUES (203, 1, 1, 'VIPA_B03', 'B', '03', 'B03', 30.00, 24.00, 'seat', 'active', 1, '2026-04-01 23:17:19.955', NULL, NULL, false);
INSERT INTO ticketing.venue_seat (seat_id, venue_id, section_id, seat_code, row_label, seat_number, seat_label, x_pos, y_pos, seat_type, status, created_by, created_at, updated_by, updated_at, is_deleted) VALUES (303, 1, 1, 'VIPA_C03', 'C', '03', 'C03', 30.00, 36.00, 'seat', 'active', 1, '2026-04-01 23:17:19.955', NULL, NULL, false);
INSERT INTO ticketing.venue_seat (seat_id, venue_id, section_id, seat_code, row_label, seat_number, seat_label, x_pos, y_pos, seat_type, status, created_by, created_at, updated_by, updated_at, is_deleted) VALUES (4103, 2, 5, 'VIPA_A03', 'A', '03', 'A03', 30.00, 12.00, 'seat', 'active', 1, '2026-04-01 23:17:19.955', NULL, NULL, false);
INSERT INTO ticketing.venue_seat (seat_id, venue_id, section_id, seat_code, row_label, seat_number, seat_label, x_pos, y_pos, seat_type, status, created_by, created_at, updated_by, updated_at, is_deleted) VALUES (4203, 2, 5, 'VIPA_B03', 'B', '03', 'B03', 30.00, 24.00, 'seat', 'active', 1, '2026-04-01 23:17:19.955', NULL, NULL, false);
INSERT INTO ticketing.venue_seat (seat_id, venue_id, section_id, seat_code, row_label, seat_number, seat_label, x_pos, y_pos, seat_type, status, created_by, created_at, updated_by, updated_at, is_deleted) VALUES (4303, 2, 5, 'VIPA_C03', 'C', '03', 'C03', 30.00, 36.00, 'seat', 'active', 1, '2026-04-01 23:17:19.955', NULL, NULL, false);
INSERT INTO ticketing.venue_seat (seat_id, venue_id, section_id, seat_code, row_label, seat_number, seat_label, x_pos, y_pos, seat_type, status, created_by, created_at, updated_by, updated_at, is_deleted) VALUES (8103, 3, 9, 'VIPA_A03', 'A', '03', 'A03', 30.00, 12.00, 'seat', 'active', 1, '2026-04-01 23:17:19.955', NULL, NULL, false);
INSERT INTO ticketing.venue_seat (seat_id, venue_id, section_id, seat_code, row_label, seat_number, seat_label, x_pos, y_pos, seat_type, status, created_by, created_at, updated_by, updated_at, is_deleted) VALUES (8203, 3, 9, 'VIPA_B03', 'B', '03', 'B03', 30.00, 24.00, 'seat', 'active', 1, '2026-04-01 23:17:19.955', NULL, NULL, false);
INSERT INTO ticketing.venue_seat (seat_id, venue_id, section_id, seat_code, row_label, seat_number, seat_label, x_pos, y_pos, seat_type, status, created_by, created_at, updated_by, updated_at, is_deleted) VALUES (8303, 3, 9, 'VIPA_C03', 'C', '03', 'C03', 30.00, 36.00, 'seat', 'active', 1, '2026-04-01 23:17:19.955', NULL, NULL, false);
INSERT INTO ticketing.venue_seat (seat_id, venue_id, section_id, seat_code, row_label, seat_number, seat_label, x_pos, y_pos, seat_type, status, created_by, created_at, updated_by, updated_at, is_deleted) VALUES (12103, 4, 13, 'VIPA_A03', 'A', '03', 'A03', 30.00, 12.00, 'seat', 'active', 1, '2026-04-01 23:17:19.955', NULL, NULL, false);
INSERT INTO ticketing.venue_seat (seat_id, venue_id, section_id, seat_code, row_label, seat_number, seat_label, x_pos, y_pos, seat_type, status, created_by, created_at, updated_by, updated_at, is_deleted) VALUES (12203, 4, 13, 'VIPA_B03', 'B', '03', 'B03', 30.00, 24.00, 'seat', 'active', 1, '2026-04-01 23:17:19.955', NULL, NULL, false);
INSERT INTO ticketing.venue_seat (seat_id, venue_id, section_id, seat_code, row_label, seat_number, seat_label, x_pos, y_pos, seat_type, status, created_by, created_at, updated_by, updated_at, is_deleted) VALUES (12303, 4, 13, 'VIPA_C03', 'C', '03', 'C03', 30.00, 36.00, 'seat', 'active', 1, '2026-04-01 23:17:19.955', NULL, NULL, false);
INSERT INTO ticketing.venue_seat (seat_id, venue_id, section_id, seat_code, row_label, seat_number, seat_label, x_pos, y_pos, seat_type, status, created_by, created_at, updated_by, updated_at, is_deleted) VALUES (16103, 5, 17, 'VIPA_A03', 'A', '03', 'A03', 30.00, 12.00, 'seat', 'active', 1, '2026-04-01 23:17:19.955', NULL, NULL, false);
INSERT INTO ticketing.venue_seat (seat_id, venue_id, section_id, seat_code, row_label, seat_number, seat_label, x_pos, y_pos, seat_type, status, created_by, created_at, updated_by, updated_at, is_deleted) VALUES (16203, 5, 17, 'VIPA_B03', 'B', '03', 'B03', 30.00, 24.00, 'seat', 'active', 1, '2026-04-01 23:17:19.955', NULL, NULL, false);
INSERT INTO ticketing.venue_seat (seat_id, venue_id, section_id, seat_code, row_label, seat_number, seat_label, x_pos, y_pos, seat_type, status, created_by, created_at, updated_by, updated_at, is_deleted) VALUES (16303, 5, 17, 'VIPA_C03', 'C', '03', 'C03', 30.00, 36.00, 'seat', 'active', 1, '2026-04-01 23:17:19.955', NULL, NULL, false);
INSERT INTO ticketing.venue_seat (seat_id, venue_id, section_id, seat_code, row_label, seat_number, seat_label, x_pos, y_pos, seat_type, status, created_by, created_at, updated_by, updated_at, is_deleted) VALUES (104, 1, 1, 'VIPA_A04', 'A', '04', 'A04', 40.00, 12.00, 'seat', 'active', 1, '2026-04-01 23:17:19.955', NULL, NULL, false);
INSERT INTO ticketing.venue_seat (seat_id, venue_id, section_id, seat_code, row_label, seat_number, seat_label, x_pos, y_pos, seat_type, status, created_by, created_at, updated_by, updated_at, is_deleted) VALUES (204, 1, 1, 'VIPA_B04', 'B', '04', 'B04', 40.00, 24.00, 'seat', 'active', 1, '2026-04-01 23:17:19.955', NULL, NULL, false);
INSERT INTO ticketing.venue_seat (seat_id, venue_id, section_id, seat_code, row_label, seat_number, seat_label, x_pos, y_pos, seat_type, status, created_by, created_at, updated_by, updated_at, is_deleted) VALUES (304, 1, 1, 'VIPA_C04', 'C', '04', 'C04', 40.00, 36.00, 'seat', 'active', 1, '2026-04-01 23:17:19.955', NULL, NULL, false);
INSERT INTO ticketing.venue_seat (seat_id, venue_id, section_id, seat_code, row_label, seat_number, seat_label, x_pos, y_pos, seat_type, status, created_by, created_at, updated_by, updated_at, is_deleted) VALUES (4104, 2, 5, 'VIPA_A04', 'A', '04', 'A04', 40.00, 12.00, 'seat', 'active', 1, '2026-04-01 23:17:19.955', NULL, NULL, false);
INSERT INTO ticketing.venue_seat (seat_id, venue_id, section_id, seat_code, row_label, seat_number, seat_label, x_pos, y_pos, seat_type, status, created_by, created_at, updated_by, updated_at, is_deleted) VALUES (4204, 2, 5, 'VIPA_B04', 'B', '04', 'B04', 40.00, 24.00, 'seat', 'active', 1, '2026-04-01 23:17:19.955', NULL, NULL, false);
INSERT INTO ticketing.venue_seat (seat_id, venue_id, section_id, seat_code, row_label, seat_number, seat_label, x_pos, y_pos, seat_type, status, created_by, created_at, updated_by, updated_at, is_deleted) VALUES (4304, 2, 5, 'VIPA_C04', 'C', '04', 'C04', 40.00, 36.00, 'seat', 'active', 1, '2026-04-01 23:17:19.955', NULL, NULL, false);
INSERT INTO ticketing.venue_seat (seat_id, venue_id, section_id, seat_code, row_label, seat_number, seat_label, x_pos, y_pos, seat_type, status, created_by, created_at, updated_by, updated_at, is_deleted) VALUES (8104, 3, 9, 'VIPA_A04', 'A', '04', 'A04', 40.00, 12.00, 'seat', 'active', 1, '2026-04-01 23:17:19.955', NULL, NULL, false);
INSERT INTO ticketing.venue_seat (seat_id, venue_id, section_id, seat_code, row_label, seat_number, seat_label, x_pos, y_pos, seat_type, status, created_by, created_at, updated_by, updated_at, is_deleted) VALUES (8204, 3, 9, 'VIPA_B04', 'B', '04', 'B04', 40.00, 24.00, 'seat', 'active', 1, '2026-04-01 23:17:19.955', NULL, NULL, false);
INSERT INTO ticketing.venue_seat (seat_id, venue_id, section_id, seat_code, row_label, seat_number, seat_label, x_pos, y_pos, seat_type, status, created_by, created_at, updated_by, updated_at, is_deleted) VALUES (8304, 3, 9, 'VIPA_C04', 'C', '04', 'C04', 40.00, 36.00, 'seat', 'active', 1, '2026-04-01 23:17:19.955', NULL, NULL, false);
INSERT INTO ticketing.venue_seat (seat_id, venue_id, section_id, seat_code, row_label, seat_number, seat_label, x_pos, y_pos, seat_type, status, created_by, created_at, updated_by, updated_at, is_deleted) VALUES (12104, 4, 13, 'VIPA_A04', 'A', '04', 'A04', 40.00, 12.00, 'seat', 'active', 1, '2026-04-01 23:17:19.955', NULL, NULL, false);
INSERT INTO ticketing.venue_seat (seat_id, venue_id, section_id, seat_code, row_label, seat_number, seat_label, x_pos, y_pos, seat_type, status, created_by, created_at, updated_by, updated_at, is_deleted) VALUES (12204, 4, 13, 'VIPA_B04', 'B', '04', 'B04', 40.00, 24.00, 'seat', 'active', 1, '2026-04-01 23:17:19.955', NULL, NULL, false);
INSERT INTO ticketing.venue_seat (seat_id, venue_id, section_id, seat_code, row_label, seat_number, seat_label, x_pos, y_pos, seat_type, status, created_by, created_at, updated_by, updated_at, is_deleted) VALUES (12304, 4, 13, 'VIPA_C04', 'C', '04', 'C04', 40.00, 36.00, 'seat', 'active', 1, '2026-04-01 23:17:19.955', NULL, NULL, false);
INSERT INTO ticketing.venue_seat (seat_id, venue_id, section_id, seat_code, row_label, seat_number, seat_label, x_pos, y_pos, seat_type, status, created_by, created_at, updated_by, updated_at, is_deleted) VALUES (16104, 5, 17, 'VIPA_A04', 'A', '04', 'A04', 40.00, 12.00, 'seat', 'active', 1, '2026-04-01 23:17:19.955', NULL, NULL, false);
INSERT INTO ticketing.venue_seat (seat_id, venue_id, section_id, seat_code, row_label, seat_number, seat_label, x_pos, y_pos, seat_type, status, created_by, created_at, updated_by, updated_at, is_deleted) VALUES (16204, 5, 17, 'VIPA_B04', 'B', '04', 'B04', 40.00, 24.00, 'seat', 'active', 1, '2026-04-01 23:17:19.955', NULL, NULL, false);
INSERT INTO ticketing.venue_seat (seat_id, venue_id, section_id, seat_code, row_label, seat_number, seat_label, x_pos, y_pos, seat_type, status, created_by, created_at, updated_by, updated_at, is_deleted) VALUES (16304, 5, 17, 'VIPA_C04', 'C', '04', 'C04', 40.00, 36.00, 'seat', 'active', 1, '2026-04-01 23:17:19.955', NULL, NULL, false);
INSERT INTO ticketing.venue_seat (seat_id, venue_id, section_id, seat_code, row_label, seat_number, seat_label, x_pos, y_pos, seat_type, status, created_by, created_at, updated_by, updated_at, is_deleted) VALUES (105, 1, 1, 'VIPA_A05', 'A', '05', 'A05', 50.00, 12.00, 'seat', 'active', 1, '2026-04-01 23:17:19.955', NULL, NULL, false);
INSERT INTO ticketing.venue_seat (seat_id, venue_id, section_id, seat_code, row_label, seat_number, seat_label, x_pos, y_pos, seat_type, status, created_by, created_at, updated_by, updated_at, is_deleted) VALUES (205, 1, 1, 'VIPA_B05', 'B', '05', 'B05', 50.00, 24.00, 'seat', 'active', 1, '2026-04-01 23:17:19.955', NULL, NULL, false);
INSERT INTO ticketing.venue_seat (seat_id, venue_id, section_id, seat_code, row_label, seat_number, seat_label, x_pos, y_pos, seat_type, status, created_by, created_at, updated_by, updated_at, is_deleted) VALUES (305, 1, 1, 'VIPA_C05', 'C', '05', 'C05', 50.00, 36.00, 'seat', 'active', 1, '2026-04-01 23:17:19.955', NULL, NULL, false);
INSERT INTO ticketing.venue_seat (seat_id, venue_id, section_id, seat_code, row_label, seat_number, seat_label, x_pos, y_pos, seat_type, status, created_by, created_at, updated_by, updated_at, is_deleted) VALUES (4105, 2, 5, 'VIPA_A05', 'A', '05', 'A05', 50.00, 12.00, 'seat', 'active', 1, '2026-04-01 23:17:19.955', NULL, NULL, false);
INSERT INTO ticketing.venue_seat (seat_id, venue_id, section_id, seat_code, row_label, seat_number, seat_label, x_pos, y_pos, seat_type, status, created_by, created_at, updated_by, updated_at, is_deleted) VALUES (4205, 2, 5, 'VIPA_B05', 'B', '05', 'B05', 50.00, 24.00, 'seat', 'active', 1, '2026-04-01 23:17:19.955', NULL, NULL, false);
INSERT INTO ticketing.venue_seat (seat_id, venue_id, section_id, seat_code, row_label, seat_number, seat_label, x_pos, y_pos, seat_type, status, created_by, created_at, updated_by, updated_at, is_deleted) VALUES (4305, 2, 5, 'VIPA_C05', 'C', '05', 'C05', 50.00, 36.00, 'seat', 'active', 1, '2026-04-01 23:17:19.955', NULL, NULL, false);
INSERT INTO ticketing.venue_seat (seat_id, venue_id, section_id, seat_code, row_label, seat_number, seat_label, x_pos, y_pos, seat_type, status, created_by, created_at, updated_by, updated_at, is_deleted) VALUES (8105, 3, 9, 'VIPA_A05', 'A', '05', 'A05', 50.00, 12.00, 'seat', 'active', 1, '2026-04-01 23:17:19.955', NULL, NULL, false);
INSERT INTO ticketing.venue_seat (seat_id, venue_id, section_id, seat_code, row_label, seat_number, seat_label, x_pos, y_pos, seat_type, status, created_by, created_at, updated_by, updated_at, is_deleted) VALUES (8205, 3, 9, 'VIPA_B05', 'B', '05', 'B05', 50.00, 24.00, 'seat', 'active', 1, '2026-04-01 23:17:19.955', NULL, NULL, false);
INSERT INTO ticketing.venue_seat (seat_id, venue_id, section_id, seat_code, row_label, seat_number, seat_label, x_pos, y_pos, seat_type, status, created_by, created_at, updated_by, updated_at, is_deleted) VALUES (8305, 3, 9, 'VIPA_C05', 'C', '05', 'C05', 50.00, 36.00, 'seat', 'active', 1, '2026-04-01 23:17:19.955', NULL, NULL, false);
INSERT INTO ticketing.venue_seat (seat_id, venue_id, section_id, seat_code, row_label, seat_number, seat_label, x_pos, y_pos, seat_type, status, created_by, created_at, updated_by, updated_at, is_deleted) VALUES (12105, 4, 13, 'VIPA_A05', 'A', '05', 'A05', 50.00, 12.00, 'seat', 'active', 1, '2026-04-01 23:17:19.955', NULL, NULL, false);
INSERT INTO ticketing.venue_seat (seat_id, venue_id, section_id, seat_code, row_label, seat_number, seat_label, x_pos, y_pos, seat_type, status, created_by, created_at, updated_by, updated_at, is_deleted) VALUES (12205, 4, 13, 'VIPA_B05', 'B', '05', 'B05', 50.00, 24.00, 'seat', 'active', 1, '2026-04-01 23:17:19.955', NULL, NULL, false);
INSERT INTO ticketing.venue_seat (seat_id, venue_id, section_id, seat_code, row_label, seat_number, seat_label, x_pos, y_pos, seat_type, status, created_by, created_at, updated_by, updated_at, is_deleted) VALUES (12305, 4, 13, 'VIPA_C05', 'C', '05', 'C05', 50.00, 36.00, 'seat', 'active', 1, '2026-04-01 23:17:19.955', NULL, NULL, false);
INSERT INTO ticketing.venue_seat (seat_id, venue_id, section_id, seat_code, row_label, seat_number, seat_label, x_pos, y_pos, seat_type, status, created_by, created_at, updated_by, updated_at, is_deleted) VALUES (16105, 5, 17, 'VIPA_A05', 'A', '05', 'A05', 50.00, 12.00, 'seat', 'active', 1, '2026-04-01 23:17:19.955', NULL, NULL, false);
INSERT INTO ticketing.venue_seat (seat_id, venue_id, section_id, seat_code, row_label, seat_number, seat_label, x_pos, y_pos, seat_type, status, created_by, created_at, updated_by, updated_at, is_deleted) VALUES (16205, 5, 17, 'VIPA_B05', 'B', '05', 'B05', 50.00, 24.00, 'seat', 'active', 1, '2026-04-01 23:17:19.955', NULL, NULL, false);
INSERT INTO ticketing.venue_seat (seat_id, venue_id, section_id, seat_code, row_label, seat_number, seat_label, x_pos, y_pos, seat_type, status, created_by, created_at, updated_by, updated_at, is_deleted) VALUES (16305, 5, 17, 'VIPA_C05', 'C', '05', 'C05', 50.00, 36.00, 'seat', 'active', 1, '2026-04-01 23:17:19.955', NULL, NULL, false);
INSERT INTO ticketing.venue_seat (seat_id, venue_id, section_id, seat_code, row_label, seat_number, seat_label, x_pos, y_pos, seat_type, status, created_by, created_at, updated_by, updated_at, is_deleted) VALUES (106, 1, 1, 'VIPA_A06', 'A', '06', 'A06', 60.00, 12.00, 'seat', 'active', 1, '2026-04-01 23:17:19.955', NULL, NULL, false);
INSERT INTO ticketing.venue_seat (seat_id, venue_id, section_id, seat_code, row_label, seat_number, seat_label, x_pos, y_pos, seat_type, status, created_by, created_at, updated_by, updated_at, is_deleted) VALUES (206, 1, 1, 'VIPA_B06', 'B', '06', 'B06', 60.00, 24.00, 'seat', 'active', 1, '2026-04-01 23:17:19.955', NULL, NULL, false);
INSERT INTO ticketing.venue_seat (seat_id, venue_id, section_id, seat_code, row_label, seat_number, seat_label, x_pos, y_pos, seat_type, status, created_by, created_at, updated_by, updated_at, is_deleted) VALUES (306, 1, 1, 'VIPA_C06', 'C', '06', 'C06', 60.00, 36.00, 'seat', 'active', 1, '2026-04-01 23:17:19.955', NULL, NULL, false);
INSERT INTO ticketing.venue_seat (seat_id, venue_id, section_id, seat_code, row_label, seat_number, seat_label, x_pos, y_pos, seat_type, status, created_by, created_at, updated_by, updated_at, is_deleted) VALUES (4106, 2, 5, 'VIPA_A06', 'A', '06', 'A06', 60.00, 12.00, 'seat', 'active', 1, '2026-04-01 23:17:19.955', NULL, NULL, false);
INSERT INTO ticketing.venue_seat (seat_id, venue_id, section_id, seat_code, row_label, seat_number, seat_label, x_pos, y_pos, seat_type, status, created_by, created_at, updated_by, updated_at, is_deleted) VALUES (4206, 2, 5, 'VIPA_B06', 'B', '06', 'B06', 60.00, 24.00, 'seat', 'active', 1, '2026-04-01 23:17:19.955', NULL, NULL, false);
INSERT INTO ticketing.venue_seat (seat_id, venue_id, section_id, seat_code, row_label, seat_number, seat_label, x_pos, y_pos, seat_type, status, created_by, created_at, updated_by, updated_at, is_deleted) VALUES (4306, 2, 5, 'VIPA_C06', 'C', '06', 'C06', 60.00, 36.00, 'seat', 'active', 1, '2026-04-01 23:17:19.955', NULL, NULL, false);
INSERT INTO ticketing.venue_seat (seat_id, venue_id, section_id, seat_code, row_label, seat_number, seat_label, x_pos, y_pos, seat_type, status, created_by, created_at, updated_by, updated_at, is_deleted) VALUES (8106, 3, 9, 'VIPA_A06', 'A', '06', 'A06', 60.00, 12.00, 'seat', 'active', 1, '2026-04-01 23:17:19.955', NULL, NULL, false);
INSERT INTO ticketing.venue_seat (seat_id, venue_id, section_id, seat_code, row_label, seat_number, seat_label, x_pos, y_pos, seat_type, status, created_by, created_at, updated_by, updated_at, is_deleted) VALUES (8206, 3, 9, 'VIPA_B06', 'B', '06', 'B06', 60.00, 24.00, 'seat', 'active', 1, '2026-04-01 23:17:19.955', NULL, NULL, false);
INSERT INTO ticketing.venue_seat (seat_id, venue_id, section_id, seat_code, row_label, seat_number, seat_label, x_pos, y_pos, seat_type, status, created_by, created_at, updated_by, updated_at, is_deleted) VALUES (8306, 3, 9, 'VIPA_C06', 'C', '06', 'C06', 60.00, 36.00, 'seat', 'active', 1, '2026-04-01 23:17:19.955', NULL, NULL, false);
INSERT INTO ticketing.venue_seat (seat_id, venue_id, section_id, seat_code, row_label, seat_number, seat_label, x_pos, y_pos, seat_type, status, created_by, created_at, updated_by, updated_at, is_deleted) VALUES (12106, 4, 13, 'VIPA_A06', 'A', '06', 'A06', 60.00, 12.00, 'seat', 'active', 1, '2026-04-01 23:17:19.955', NULL, NULL, false);
INSERT INTO ticketing.venue_seat (seat_id, venue_id, section_id, seat_code, row_label, seat_number, seat_label, x_pos, y_pos, seat_type, status, created_by, created_at, updated_by, updated_at, is_deleted) VALUES (12206, 4, 13, 'VIPA_B06', 'B', '06', 'B06', 60.00, 24.00, 'seat', 'active', 1, '2026-04-01 23:17:19.955', NULL, NULL, false);
INSERT INTO ticketing.venue_seat (seat_id, venue_id, section_id, seat_code, row_label, seat_number, seat_label, x_pos, y_pos, seat_type, status, created_by, created_at, updated_by, updated_at, is_deleted) VALUES (12306, 4, 13, 'VIPA_C06', 'C', '06', 'C06', 60.00, 36.00, 'seat', 'active', 1, '2026-04-01 23:17:19.955', NULL, NULL, false);
INSERT INTO ticketing.venue_seat (seat_id, venue_id, section_id, seat_code, row_label, seat_number, seat_label, x_pos, y_pos, seat_type, status, created_by, created_at, updated_by, updated_at, is_deleted) VALUES (16106, 5, 17, 'VIPA_A06', 'A', '06', 'A06', 60.00, 12.00, 'seat', 'active', 1, '2026-04-01 23:17:19.955', NULL, NULL, false);
INSERT INTO ticketing.venue_seat (seat_id, venue_id, section_id, seat_code, row_label, seat_number, seat_label, x_pos, y_pos, seat_type, status, created_by, created_at, updated_by, updated_at, is_deleted) VALUES (16206, 5, 17, 'VIPA_B06', 'B', '06', 'B06', 60.00, 24.00, 'seat', 'active', 1, '2026-04-01 23:17:19.955', NULL, NULL, false);
INSERT INTO ticketing.venue_seat (seat_id, venue_id, section_id, seat_code, row_label, seat_number, seat_label, x_pos, y_pos, seat_type, status, created_by, created_at, updated_by, updated_at, is_deleted) VALUES (16306, 5, 17, 'VIPA_C06', 'C', '06', 'C06', 60.00, 36.00, 'seat', 'active', 1, '2026-04-01 23:17:19.955', NULL, NULL, false);
INSERT INTO ticketing.venue_seat (seat_id, venue_id, section_id, seat_code, row_label, seat_number, seat_label, x_pos, y_pos, seat_type, status, created_by, created_at, updated_by, updated_at, is_deleted) VALUES (1101, 1, 2, 'VIPB_A01', 'A', '01', 'A01', 130.00, 12.00, 'seat', 'active', 1, '2026-04-01 23:17:19.955', NULL, NULL, false);
INSERT INTO ticketing.venue_seat (seat_id, venue_id, section_id, seat_code, row_label, seat_number, seat_label, x_pos, y_pos, seat_type, status, created_by, created_at, updated_by, updated_at, is_deleted) VALUES (1201, 1, 2, 'VIPB_B01', 'B', '01', 'B01', 130.00, 24.00, 'seat', 'active', 1, '2026-04-01 23:17:19.955', NULL, NULL, false);
INSERT INTO ticketing.venue_seat (seat_id, venue_id, section_id, seat_code, row_label, seat_number, seat_label, x_pos, y_pos, seat_type, status, created_by, created_at, updated_by, updated_at, is_deleted) VALUES (1301, 1, 2, 'VIPB_C01', 'C', '01', 'C01', 130.00, 36.00, 'seat', 'active', 1, '2026-04-01 23:17:19.955', NULL, NULL, false);
INSERT INTO ticketing.venue_seat (seat_id, venue_id, section_id, seat_code, row_label, seat_number, seat_label, x_pos, y_pos, seat_type, status, created_by, created_at, updated_by, updated_at, is_deleted) VALUES (5101, 2, 6, 'VIPB_A01', 'A', '01', 'A01', 130.00, 12.00, 'seat', 'active', 1, '2026-04-01 23:17:19.955', NULL, NULL, false);
INSERT INTO ticketing.venue_seat (seat_id, venue_id, section_id, seat_code, row_label, seat_number, seat_label, x_pos, y_pos, seat_type, status, created_by, created_at, updated_by, updated_at, is_deleted) VALUES (5201, 2, 6, 'VIPB_B01', 'B', '01', 'B01', 130.00, 24.00, 'seat', 'active', 1, '2026-04-01 23:17:19.955', NULL, NULL, false);
INSERT INTO ticketing.venue_seat (seat_id, venue_id, section_id, seat_code, row_label, seat_number, seat_label, x_pos, y_pos, seat_type, status, created_by, created_at, updated_by, updated_at, is_deleted) VALUES (5301, 2, 6, 'VIPB_C01', 'C', '01', 'C01', 130.00, 36.00, 'seat', 'active', 1, '2026-04-01 23:17:19.955', NULL, NULL, false);
INSERT INTO ticketing.venue_seat (seat_id, venue_id, section_id, seat_code, row_label, seat_number, seat_label, x_pos, y_pos, seat_type, status, created_by, created_at, updated_by, updated_at, is_deleted) VALUES (9101, 3, 10, 'VIPB_A01', 'A', '01', 'A01', 130.00, 12.00, 'seat', 'active', 1, '2026-04-01 23:17:19.955', NULL, NULL, false);
INSERT INTO ticketing.venue_seat (seat_id, venue_id, section_id, seat_code, row_label, seat_number, seat_label, x_pos, y_pos, seat_type, status, created_by, created_at, updated_by, updated_at, is_deleted) VALUES (9201, 3, 10, 'VIPB_B01', 'B', '01', 'B01', 130.00, 24.00, 'seat', 'active', 1, '2026-04-01 23:17:19.955', NULL, NULL, false);
INSERT INTO ticketing.venue_seat (seat_id, venue_id, section_id, seat_code, row_label, seat_number, seat_label, x_pos, y_pos, seat_type, status, created_by, created_at, updated_by, updated_at, is_deleted) VALUES (9301, 3, 10, 'VIPB_C01', 'C', '01', 'C01', 130.00, 36.00, 'seat', 'active', 1, '2026-04-01 23:17:19.955', NULL, NULL, false);
INSERT INTO ticketing.venue_seat (seat_id, venue_id, section_id, seat_code, row_label, seat_number, seat_label, x_pos, y_pos, seat_type, status, created_by, created_at, updated_by, updated_at, is_deleted) VALUES (13101, 4, 14, 'VIPB_A01', 'A', '01', 'A01', 130.00, 12.00, 'seat', 'active', 1, '2026-04-01 23:17:19.955', NULL, NULL, false);
INSERT INTO ticketing.venue_seat (seat_id, venue_id, section_id, seat_code, row_label, seat_number, seat_label, x_pos, y_pos, seat_type, status, created_by, created_at, updated_by, updated_at, is_deleted) VALUES (13201, 4, 14, 'VIPB_B01', 'B', '01', 'B01', 130.00, 24.00, 'seat', 'active', 1, '2026-04-01 23:17:19.955', NULL, NULL, false);
INSERT INTO ticketing.venue_seat (seat_id, venue_id, section_id, seat_code, row_label, seat_number, seat_label, x_pos, y_pos, seat_type, status, created_by, created_at, updated_by, updated_at, is_deleted) VALUES (13301, 4, 14, 'VIPB_C01', 'C', '01', 'C01', 130.00, 36.00, 'seat', 'active', 1, '2026-04-01 23:17:19.955', NULL, NULL, false);
INSERT INTO ticketing.venue_seat (seat_id, venue_id, section_id, seat_code, row_label, seat_number, seat_label, x_pos, y_pos, seat_type, status, created_by, created_at, updated_by, updated_at, is_deleted) VALUES (17101, 5, 18, 'VIPB_A01', 'A', '01', 'A01', 130.00, 12.00, 'seat', 'active', 1, '2026-04-01 23:17:19.955', NULL, NULL, false);
INSERT INTO ticketing.venue_seat (seat_id, venue_id, section_id, seat_code, row_label, seat_number, seat_label, x_pos, y_pos, seat_type, status, created_by, created_at, updated_by, updated_at, is_deleted) VALUES (17201, 5, 18, 'VIPB_B01', 'B', '01', 'B01', 130.00, 24.00, 'seat', 'active', 1, '2026-04-01 23:17:19.955', NULL, NULL, false);
INSERT INTO ticketing.venue_seat (seat_id, venue_id, section_id, seat_code, row_label, seat_number, seat_label, x_pos, y_pos, seat_type, status, created_by, created_at, updated_by, updated_at, is_deleted) VALUES (17301, 5, 18, 'VIPB_C01', 'C', '01', 'C01', 130.00, 36.00, 'seat', 'active', 1, '2026-04-01 23:17:19.955', NULL, NULL, false);
INSERT INTO ticketing.venue_seat (seat_id, venue_id, section_id, seat_code, row_label, seat_number, seat_label, x_pos, y_pos, seat_type, status, created_by, created_at, updated_by, updated_at, is_deleted) VALUES (1102, 1, 2, 'VIPB_A02', 'A', '02', 'A02', 140.00, 12.00, 'seat', 'active', 1, '2026-04-01 23:17:19.955', NULL, NULL, false);
INSERT INTO ticketing.venue_seat (seat_id, venue_id, section_id, seat_code, row_label, seat_number, seat_label, x_pos, y_pos, seat_type, status, created_by, created_at, updated_by, updated_at, is_deleted) VALUES (1202, 1, 2, 'VIPB_B02', 'B', '02', 'B02', 140.00, 24.00, 'seat', 'active', 1, '2026-04-01 23:17:19.955', NULL, NULL, false);
INSERT INTO ticketing.venue_seat (seat_id, venue_id, section_id, seat_code, row_label, seat_number, seat_label, x_pos, y_pos, seat_type, status, created_by, created_at, updated_by, updated_at, is_deleted) VALUES (1302, 1, 2, 'VIPB_C02', 'C', '02', 'C02', 140.00, 36.00, 'seat', 'active', 1, '2026-04-01 23:17:19.955', NULL, NULL, false);
INSERT INTO ticketing.venue_seat (seat_id, venue_id, section_id, seat_code, row_label, seat_number, seat_label, x_pos, y_pos, seat_type, status, created_by, created_at, updated_by, updated_at, is_deleted) VALUES (5102, 2, 6, 'VIPB_A02', 'A', '02', 'A02', 140.00, 12.00, 'seat', 'active', 1, '2026-04-01 23:17:19.955', NULL, NULL, false);
INSERT INTO ticketing.venue_seat (seat_id, venue_id, section_id, seat_code, row_label, seat_number, seat_label, x_pos, y_pos, seat_type, status, created_by, created_at, updated_by, updated_at, is_deleted) VALUES (5202, 2, 6, 'VIPB_B02', 'B', '02', 'B02', 140.00, 24.00, 'seat', 'active', 1, '2026-04-01 23:17:19.955', NULL, NULL, false);
INSERT INTO ticketing.venue_seat (seat_id, venue_id, section_id, seat_code, row_label, seat_number, seat_label, x_pos, y_pos, seat_type, status, created_by, created_at, updated_by, updated_at, is_deleted) VALUES (5302, 2, 6, 'VIPB_C02', 'C', '02', 'C02', 140.00, 36.00, 'seat', 'active', 1, '2026-04-01 23:17:19.955', NULL, NULL, false);
INSERT INTO ticketing.venue_seat (seat_id, venue_id, section_id, seat_code, row_label, seat_number, seat_label, x_pos, y_pos, seat_type, status, created_by, created_at, updated_by, updated_at, is_deleted) VALUES (9102, 3, 10, 'VIPB_A02', 'A', '02', 'A02', 140.00, 12.00, 'seat', 'active', 1, '2026-04-01 23:17:19.955', NULL, NULL, false);
INSERT INTO ticketing.venue_seat (seat_id, venue_id, section_id, seat_code, row_label, seat_number, seat_label, x_pos, y_pos, seat_type, status, created_by, created_at, updated_by, updated_at, is_deleted) VALUES (9202, 3, 10, 'VIPB_B02', 'B', '02', 'B02', 140.00, 24.00, 'seat', 'active', 1, '2026-04-01 23:17:19.955', NULL, NULL, false);
INSERT INTO ticketing.venue_seat (seat_id, venue_id, section_id, seat_code, row_label, seat_number, seat_label, x_pos, y_pos, seat_type, status, created_by, created_at, updated_by, updated_at, is_deleted) VALUES (9302, 3, 10, 'VIPB_C02', 'C', '02', 'C02', 140.00, 36.00, 'seat', 'active', 1, '2026-04-01 23:17:19.955', NULL, NULL, false);
INSERT INTO ticketing.venue_seat (seat_id, venue_id, section_id, seat_code, row_label, seat_number, seat_label, x_pos, y_pos, seat_type, status, created_by, created_at, updated_by, updated_at, is_deleted) VALUES (13102, 4, 14, 'VIPB_A02', 'A', '02', 'A02', 140.00, 12.00, 'seat', 'active', 1, '2026-04-01 23:17:19.955', NULL, NULL, false);
INSERT INTO ticketing.venue_seat (seat_id, venue_id, section_id, seat_code, row_label, seat_number, seat_label, x_pos, y_pos, seat_type, status, created_by, created_at, updated_by, updated_at, is_deleted) VALUES (13202, 4, 14, 'VIPB_B02', 'B', '02', 'B02', 140.00, 24.00, 'seat', 'active', 1, '2026-04-01 23:17:19.955', NULL, NULL, false);
INSERT INTO ticketing.venue_seat (seat_id, venue_id, section_id, seat_code, row_label, seat_number, seat_label, x_pos, y_pos, seat_type, status, created_by, created_at, updated_by, updated_at, is_deleted) VALUES (13302, 4, 14, 'VIPB_C02', 'C', '02', 'C02', 140.00, 36.00, 'seat', 'active', 1, '2026-04-01 23:17:19.955', NULL, NULL, false);
INSERT INTO ticketing.venue_seat (seat_id, venue_id, section_id, seat_code, row_label, seat_number, seat_label, x_pos, y_pos, seat_type, status, created_by, created_at, updated_by, updated_at, is_deleted) VALUES (17102, 5, 18, 'VIPB_A02', 'A', '02', 'A02', 140.00, 12.00, 'seat', 'active', 1, '2026-04-01 23:17:19.955', NULL, NULL, false);
INSERT INTO ticketing.venue_seat (seat_id, venue_id, section_id, seat_code, row_label, seat_number, seat_label, x_pos, y_pos, seat_type, status, created_by, created_at, updated_by, updated_at, is_deleted) VALUES (17202, 5, 18, 'VIPB_B02', 'B', '02', 'B02', 140.00, 24.00, 'seat', 'active', 1, '2026-04-01 23:17:19.955', NULL, NULL, false);
INSERT INTO ticketing.venue_seat (seat_id, venue_id, section_id, seat_code, row_label, seat_number, seat_label, x_pos, y_pos, seat_type, status, created_by, created_at, updated_by, updated_at, is_deleted) VALUES (17302, 5, 18, 'VIPB_C02', 'C', '02', 'C02', 140.00, 36.00, 'seat', 'active', 1, '2026-04-01 23:17:19.955', NULL, NULL, false);
INSERT INTO ticketing.venue_seat (seat_id, venue_id, section_id, seat_code, row_label, seat_number, seat_label, x_pos, y_pos, seat_type, status, created_by, created_at, updated_by, updated_at, is_deleted) VALUES (1103, 1, 2, 'VIPB_A03', 'A', '03', 'A03', 150.00, 12.00, 'seat', 'active', 1, '2026-04-01 23:17:19.955', NULL, NULL, false);
INSERT INTO ticketing.venue_seat (seat_id, venue_id, section_id, seat_code, row_label, seat_number, seat_label, x_pos, y_pos, seat_type, status, created_by, created_at, updated_by, updated_at, is_deleted) VALUES (1203, 1, 2, 'VIPB_B03', 'B', '03', 'B03', 150.00, 24.00, 'seat', 'active', 1, '2026-04-01 23:17:19.955', NULL, NULL, false);
INSERT INTO ticketing.venue_seat (seat_id, venue_id, section_id, seat_code, row_label, seat_number, seat_label, x_pos, y_pos, seat_type, status, created_by, created_at, updated_by, updated_at, is_deleted) VALUES (1303, 1, 2, 'VIPB_C03', 'C', '03', 'C03', 150.00, 36.00, 'seat', 'active', 1, '2026-04-01 23:17:19.955', NULL, NULL, false);
INSERT INTO ticketing.venue_seat (seat_id, venue_id, section_id, seat_code, row_label, seat_number, seat_label, x_pos, y_pos, seat_type, status, created_by, created_at, updated_by, updated_at, is_deleted) VALUES (5103, 2, 6, 'VIPB_A03', 'A', '03', 'A03', 150.00, 12.00, 'seat', 'active', 1, '2026-04-01 23:17:19.955', NULL, NULL, false);
INSERT INTO ticketing.venue_seat (seat_id, venue_id, section_id, seat_code, row_label, seat_number, seat_label, x_pos, y_pos, seat_type, status, created_by, created_at, updated_by, updated_at, is_deleted) VALUES (5203, 2, 6, 'VIPB_B03', 'B', '03', 'B03', 150.00, 24.00, 'seat', 'active', 1, '2026-04-01 23:17:19.955', NULL, NULL, false);
INSERT INTO ticketing.venue_seat (seat_id, venue_id, section_id, seat_code, row_label, seat_number, seat_label, x_pos, y_pos, seat_type, status, created_by, created_at, updated_by, updated_at, is_deleted) VALUES (5303, 2, 6, 'VIPB_C03', 'C', '03', 'C03', 150.00, 36.00, 'seat', 'active', 1, '2026-04-01 23:17:19.955', NULL, NULL, false);
INSERT INTO ticketing.venue_seat (seat_id, venue_id, section_id, seat_code, row_label, seat_number, seat_label, x_pos, y_pos, seat_type, status, created_by, created_at, updated_by, updated_at, is_deleted) VALUES (9103, 3, 10, 'VIPB_A03', 'A', '03', 'A03', 150.00, 12.00, 'seat', 'active', 1, '2026-04-01 23:17:19.955', NULL, NULL, false);
INSERT INTO ticketing.venue_seat (seat_id, venue_id, section_id, seat_code, row_label, seat_number, seat_label, x_pos, y_pos, seat_type, status, created_by, created_at, updated_by, updated_at, is_deleted) VALUES (9203, 3, 10, 'VIPB_B03', 'B', '03', 'B03', 150.00, 24.00, 'seat', 'active', 1, '2026-04-01 23:17:19.955', NULL, NULL, false);
INSERT INTO ticketing.venue_seat (seat_id, venue_id, section_id, seat_code, row_label, seat_number, seat_label, x_pos, y_pos, seat_type, status, created_by, created_at, updated_by, updated_at, is_deleted) VALUES (9303, 3, 10, 'VIPB_C03', 'C', '03', 'C03', 150.00, 36.00, 'seat', 'active', 1, '2026-04-01 23:17:19.955', NULL, NULL, false);
INSERT INTO ticketing.venue_seat (seat_id, venue_id, section_id, seat_code, row_label, seat_number, seat_label, x_pos, y_pos, seat_type, status, created_by, created_at, updated_by, updated_at, is_deleted) VALUES (13103, 4, 14, 'VIPB_A03', 'A', '03', 'A03', 150.00, 12.00, 'seat', 'active', 1, '2026-04-01 23:17:19.955', NULL, NULL, false);
INSERT INTO ticketing.venue_seat (seat_id, venue_id, section_id, seat_code, row_label, seat_number, seat_label, x_pos, y_pos, seat_type, status, created_by, created_at, updated_by, updated_at, is_deleted) VALUES (13203, 4, 14, 'VIPB_B03', 'B', '03', 'B03', 150.00, 24.00, 'seat', 'active', 1, '2026-04-01 23:17:19.955', NULL, NULL, false);
INSERT INTO ticketing.venue_seat (seat_id, venue_id, section_id, seat_code, row_label, seat_number, seat_label, x_pos, y_pos, seat_type, status, created_by, created_at, updated_by, updated_at, is_deleted) VALUES (13303, 4, 14, 'VIPB_C03', 'C', '03', 'C03', 150.00, 36.00, 'seat', 'active', 1, '2026-04-01 23:17:19.955', NULL, NULL, false);
INSERT INTO ticketing.venue_seat (seat_id, venue_id, section_id, seat_code, row_label, seat_number, seat_label, x_pos, y_pos, seat_type, status, created_by, created_at, updated_by, updated_at, is_deleted) VALUES (17103, 5, 18, 'VIPB_A03', 'A', '03', 'A03', 150.00, 12.00, 'seat', 'active', 1, '2026-04-01 23:17:19.955', NULL, NULL, false);
INSERT INTO ticketing.venue_seat (seat_id, venue_id, section_id, seat_code, row_label, seat_number, seat_label, x_pos, y_pos, seat_type, status, created_by, created_at, updated_by, updated_at, is_deleted) VALUES (17203, 5, 18, 'VIPB_B03', 'B', '03', 'B03', 150.00, 24.00, 'seat', 'active', 1, '2026-04-01 23:17:19.955', NULL, NULL, false);
INSERT INTO ticketing.venue_seat (seat_id, venue_id, section_id, seat_code, row_label, seat_number, seat_label, x_pos, y_pos, seat_type, status, created_by, created_at, updated_by, updated_at, is_deleted) VALUES (17303, 5, 18, 'VIPB_C03', 'C', '03', 'C03', 150.00, 36.00, 'seat', 'active', 1, '2026-04-01 23:17:19.955', NULL, NULL, false);
INSERT INTO ticketing.venue_seat (seat_id, venue_id, section_id, seat_code, row_label, seat_number, seat_label, x_pos, y_pos, seat_type, status, created_by, created_at, updated_by, updated_at, is_deleted) VALUES (1104, 1, 2, 'VIPB_A04', 'A', '04', 'A04', 160.00, 12.00, 'seat', 'active', 1, '2026-04-01 23:17:19.955', NULL, NULL, false);
INSERT INTO ticketing.venue_seat (seat_id, venue_id, section_id, seat_code, row_label, seat_number, seat_label, x_pos, y_pos, seat_type, status, created_by, created_at, updated_by, updated_at, is_deleted) VALUES (1204, 1, 2, 'VIPB_B04', 'B', '04', 'B04', 160.00, 24.00, 'seat', 'active', 1, '2026-04-01 23:17:19.955', NULL, NULL, false);
INSERT INTO ticketing.venue_seat (seat_id, venue_id, section_id, seat_code, row_label, seat_number, seat_label, x_pos, y_pos, seat_type, status, created_by, created_at, updated_by, updated_at, is_deleted) VALUES (1304, 1, 2, 'VIPB_C04', 'C', '04', 'C04', 160.00, 36.00, 'seat', 'active', 1, '2026-04-01 23:17:19.955', NULL, NULL, false);
INSERT INTO ticketing.venue_seat (seat_id, venue_id, section_id, seat_code, row_label, seat_number, seat_label, x_pos, y_pos, seat_type, status, created_by, created_at, updated_by, updated_at, is_deleted) VALUES (5104, 2, 6, 'VIPB_A04', 'A', '04', 'A04', 160.00, 12.00, 'seat', 'active', 1, '2026-04-01 23:17:19.955', NULL, NULL, false);
INSERT INTO ticketing.venue_seat (seat_id, venue_id, section_id, seat_code, row_label, seat_number, seat_label, x_pos, y_pos, seat_type, status, created_by, created_at, updated_by, updated_at, is_deleted) VALUES (5204, 2, 6, 'VIPB_B04', 'B', '04', 'B04', 160.00, 24.00, 'seat', 'active', 1, '2026-04-01 23:17:19.955', NULL, NULL, false);
INSERT INTO ticketing.venue_seat (seat_id, venue_id, section_id, seat_code, row_label, seat_number, seat_label, x_pos, y_pos, seat_type, status, created_by, created_at, updated_by, updated_at, is_deleted) VALUES (5304, 2, 6, 'VIPB_C04', 'C', '04', 'C04', 160.00, 36.00, 'seat', 'active', 1, '2026-04-01 23:17:19.955', NULL, NULL, false);
INSERT INTO ticketing.venue_seat (seat_id, venue_id, section_id, seat_code, row_label, seat_number, seat_label, x_pos, y_pos, seat_type, status, created_by, created_at, updated_by, updated_at, is_deleted) VALUES (9104, 3, 10, 'VIPB_A04', 'A', '04', 'A04', 160.00, 12.00, 'seat', 'active', 1, '2026-04-01 23:17:19.955', NULL, NULL, false);
INSERT INTO ticketing.venue_seat (seat_id, venue_id, section_id, seat_code, row_label, seat_number, seat_label, x_pos, y_pos, seat_type, status, created_by, created_at, updated_by, updated_at, is_deleted) VALUES (9204, 3, 10, 'VIPB_B04', 'B', '04', 'B04', 160.00, 24.00, 'seat', 'active', 1, '2026-04-01 23:17:19.955', NULL, NULL, false);
INSERT INTO ticketing.venue_seat (seat_id, venue_id, section_id, seat_code, row_label, seat_number, seat_label, x_pos, y_pos, seat_type, status, created_by, created_at, updated_by, updated_at, is_deleted) VALUES (9304, 3, 10, 'VIPB_C04', 'C', '04', 'C04', 160.00, 36.00, 'seat', 'active', 1, '2026-04-01 23:17:19.955', NULL, NULL, false);
INSERT INTO ticketing.venue_seat (seat_id, venue_id, section_id, seat_code, row_label, seat_number, seat_label, x_pos, y_pos, seat_type, status, created_by, created_at, updated_by, updated_at, is_deleted) VALUES (13104, 4, 14, 'VIPB_A04', 'A', '04', 'A04', 160.00, 12.00, 'seat', 'active', 1, '2026-04-01 23:17:19.955', NULL, NULL, false);
INSERT INTO ticketing.venue_seat (seat_id, venue_id, section_id, seat_code, row_label, seat_number, seat_label, x_pos, y_pos, seat_type, status, created_by, created_at, updated_by, updated_at, is_deleted) VALUES (13204, 4, 14, 'VIPB_B04', 'B', '04', 'B04', 160.00, 24.00, 'seat', 'active', 1, '2026-04-01 23:17:19.955', NULL, NULL, false);
INSERT INTO ticketing.venue_seat (seat_id, venue_id, section_id, seat_code, row_label, seat_number, seat_label, x_pos, y_pos, seat_type, status, created_by, created_at, updated_by, updated_at, is_deleted) VALUES (13304, 4, 14, 'VIPB_C04', 'C', '04', 'C04', 160.00, 36.00, 'seat', 'active', 1, '2026-04-01 23:17:19.955', NULL, NULL, false);
INSERT INTO ticketing.venue_seat (seat_id, venue_id, section_id, seat_code, row_label, seat_number, seat_label, x_pos, y_pos, seat_type, status, created_by, created_at, updated_by, updated_at, is_deleted) VALUES (17104, 5, 18, 'VIPB_A04', 'A', '04', 'A04', 160.00, 12.00, 'seat', 'active', 1, '2026-04-01 23:17:19.955', NULL, NULL, false);
INSERT INTO ticketing.venue_seat (seat_id, venue_id, section_id, seat_code, row_label, seat_number, seat_label, x_pos, y_pos, seat_type, status, created_by, created_at, updated_by, updated_at, is_deleted) VALUES (17204, 5, 18, 'VIPB_B04', 'B', '04', 'B04', 160.00, 24.00, 'seat', 'active', 1, '2026-04-01 23:17:19.955', NULL, NULL, false);
INSERT INTO ticketing.venue_seat (seat_id, venue_id, section_id, seat_code, row_label, seat_number, seat_label, x_pos, y_pos, seat_type, status, created_by, created_at, updated_by, updated_at, is_deleted) VALUES (17304, 5, 18, 'VIPB_C04', 'C', '04', 'C04', 160.00, 36.00, 'seat', 'active', 1, '2026-04-01 23:17:19.955', NULL, NULL, false);
INSERT INTO ticketing.venue_seat (seat_id, venue_id, section_id, seat_code, row_label, seat_number, seat_label, x_pos, y_pos, seat_type, status, created_by, created_at, updated_by, updated_at, is_deleted) VALUES (1105, 1, 2, 'VIPB_A05', 'A', '05', 'A05', 170.00, 12.00, 'seat', 'active', 1, '2026-04-01 23:17:19.955', NULL, NULL, false);
INSERT INTO ticketing.venue_seat (seat_id, venue_id, section_id, seat_code, row_label, seat_number, seat_label, x_pos, y_pos, seat_type, status, created_by, created_at, updated_by, updated_at, is_deleted) VALUES (1205, 1, 2, 'VIPB_B05', 'B', '05', 'B05', 170.00, 24.00, 'seat', 'active', 1, '2026-04-01 23:17:19.955', NULL, NULL, false);
INSERT INTO ticketing.venue_seat (seat_id, venue_id, section_id, seat_code, row_label, seat_number, seat_label, x_pos, y_pos, seat_type, status, created_by, created_at, updated_by, updated_at, is_deleted) VALUES (1305, 1, 2, 'VIPB_C05', 'C', '05', 'C05', 170.00, 36.00, 'seat', 'active', 1, '2026-04-01 23:17:19.955', NULL, NULL, false);
INSERT INTO ticketing.venue_seat (seat_id, venue_id, section_id, seat_code, row_label, seat_number, seat_label, x_pos, y_pos, seat_type, status, created_by, created_at, updated_by, updated_at, is_deleted) VALUES (5105, 2, 6, 'VIPB_A05', 'A', '05', 'A05', 170.00, 12.00, 'seat', 'active', 1, '2026-04-01 23:17:19.955', NULL, NULL, false);
INSERT INTO ticketing.venue_seat (seat_id, venue_id, section_id, seat_code, row_label, seat_number, seat_label, x_pos, y_pos, seat_type, status, created_by, created_at, updated_by, updated_at, is_deleted) VALUES (5205, 2, 6, 'VIPB_B05', 'B', '05', 'B05', 170.00, 24.00, 'seat', 'active', 1, '2026-04-01 23:17:19.955', NULL, NULL, false);
INSERT INTO ticketing.venue_seat (seat_id, venue_id, section_id, seat_code, row_label, seat_number, seat_label, x_pos, y_pos, seat_type, status, created_by, created_at, updated_by, updated_at, is_deleted) VALUES (5305, 2, 6, 'VIPB_C05', 'C', '05', 'C05', 170.00, 36.00, 'seat', 'active', 1, '2026-04-01 23:17:19.955', NULL, NULL, false);
INSERT INTO ticketing.venue_seat (seat_id, venue_id, section_id, seat_code, row_label, seat_number, seat_label, x_pos, y_pos, seat_type, status, created_by, created_at, updated_by, updated_at, is_deleted) VALUES (9105, 3, 10, 'VIPB_A05', 'A', '05', 'A05', 170.00, 12.00, 'seat', 'active', 1, '2026-04-01 23:17:19.955', NULL, NULL, false);
INSERT INTO ticketing.venue_seat (seat_id, venue_id, section_id, seat_code, row_label, seat_number, seat_label, x_pos, y_pos, seat_type, status, created_by, created_at, updated_by, updated_at, is_deleted) VALUES (9205, 3, 10, 'VIPB_B05', 'B', '05', 'B05', 170.00, 24.00, 'seat', 'active', 1, '2026-04-01 23:17:19.955', NULL, NULL, false);
INSERT INTO ticketing.venue_seat (seat_id, venue_id, section_id, seat_code, row_label, seat_number, seat_label, x_pos, y_pos, seat_type, status, created_by, created_at, updated_by, updated_at, is_deleted) VALUES (9305, 3, 10, 'VIPB_C05', 'C', '05', 'C05', 170.00, 36.00, 'seat', 'active', 1, '2026-04-01 23:17:19.955', NULL, NULL, false);
INSERT INTO ticketing.venue_seat (seat_id, venue_id, section_id, seat_code, row_label, seat_number, seat_label, x_pos, y_pos, seat_type, status, created_by, created_at, updated_by, updated_at, is_deleted) VALUES (13105, 4, 14, 'VIPB_A05', 'A', '05', 'A05', 170.00, 12.00, 'seat', 'active', 1, '2026-04-01 23:17:19.955', NULL, NULL, false);
INSERT INTO ticketing.venue_seat (seat_id, venue_id, section_id, seat_code, row_label, seat_number, seat_label, x_pos, y_pos, seat_type, status, created_by, created_at, updated_by, updated_at, is_deleted) VALUES (13205, 4, 14, 'VIPB_B05', 'B', '05', 'B05', 170.00, 24.00, 'seat', 'active', 1, '2026-04-01 23:17:19.955', NULL, NULL, false);
INSERT INTO ticketing.venue_seat (seat_id, venue_id, section_id, seat_code, row_label, seat_number, seat_label, x_pos, y_pos, seat_type, status, created_by, created_at, updated_by, updated_at, is_deleted) VALUES (13305, 4, 14, 'VIPB_C05', 'C', '05', 'C05', 170.00, 36.00, 'seat', 'active', 1, '2026-04-01 23:17:19.955', NULL, NULL, false);
INSERT INTO ticketing.venue_seat (seat_id, venue_id, section_id, seat_code, row_label, seat_number, seat_label, x_pos, y_pos, seat_type, status, created_by, created_at, updated_by, updated_at, is_deleted) VALUES (17105, 5, 18, 'VIPB_A05', 'A', '05', 'A05', 170.00, 12.00, 'seat', 'active', 1, '2026-04-01 23:17:19.955', NULL, NULL, false);
INSERT INTO ticketing.venue_seat (seat_id, venue_id, section_id, seat_code, row_label, seat_number, seat_label, x_pos, y_pos, seat_type, status, created_by, created_at, updated_by, updated_at, is_deleted) VALUES (17205, 5, 18, 'VIPB_B05', 'B', '05', 'B05', 170.00, 24.00, 'seat', 'active', 1, '2026-04-01 23:17:19.955', NULL, NULL, false);
INSERT INTO ticketing.venue_seat (seat_id, venue_id, section_id, seat_code, row_label, seat_number, seat_label, x_pos, y_pos, seat_type, status, created_by, created_at, updated_by, updated_at, is_deleted) VALUES (17305, 5, 18, 'VIPB_C05', 'C', '05', 'C05', 170.00, 36.00, 'seat', 'active', 1, '2026-04-01 23:17:19.955', NULL, NULL, false);
INSERT INTO ticketing.venue_seat (seat_id, venue_id, section_id, seat_code, row_label, seat_number, seat_label, x_pos, y_pos, seat_type, status, created_by, created_at, updated_by, updated_at, is_deleted) VALUES (1106, 1, 2, 'VIPB_A06', 'A', '06', 'A06', 180.00, 12.00, 'seat', 'active', 1, '2026-04-01 23:17:19.955', NULL, NULL, false);
INSERT INTO ticketing.venue_seat (seat_id, venue_id, section_id, seat_code, row_label, seat_number, seat_label, x_pos, y_pos, seat_type, status, created_by, created_at, updated_by, updated_at, is_deleted) VALUES (1206, 1, 2, 'VIPB_B06', 'B', '06', 'B06', 180.00, 24.00, 'seat', 'active', 1, '2026-04-01 23:17:19.955', NULL, NULL, false);
INSERT INTO ticketing.venue_seat (seat_id, venue_id, section_id, seat_code, row_label, seat_number, seat_label, x_pos, y_pos, seat_type, status, created_by, created_at, updated_by, updated_at, is_deleted) VALUES (1306, 1, 2, 'VIPB_C06', 'C', '06', 'C06', 180.00, 36.00, 'seat', 'active', 1, '2026-04-01 23:17:19.955', NULL, NULL, false);
INSERT INTO ticketing.venue_seat (seat_id, venue_id, section_id, seat_code, row_label, seat_number, seat_label, x_pos, y_pos, seat_type, status, created_by, created_at, updated_by, updated_at, is_deleted) VALUES (5106, 2, 6, 'VIPB_A06', 'A', '06', 'A06', 180.00, 12.00, 'seat', 'active', 1, '2026-04-01 23:17:19.955', NULL, NULL, false);
INSERT INTO ticketing.venue_seat (seat_id, venue_id, section_id, seat_code, row_label, seat_number, seat_label, x_pos, y_pos, seat_type, status, created_by, created_at, updated_by, updated_at, is_deleted) VALUES (5206, 2, 6, 'VIPB_B06', 'B', '06', 'B06', 180.00, 24.00, 'seat', 'active', 1, '2026-04-01 23:17:19.955', NULL, NULL, false);
INSERT INTO ticketing.venue_seat (seat_id, venue_id, section_id, seat_code, row_label, seat_number, seat_label, x_pos, y_pos, seat_type, status, created_by, created_at, updated_by, updated_at, is_deleted) VALUES (5306, 2, 6, 'VIPB_C06', 'C', '06', 'C06', 180.00, 36.00, 'seat', 'active', 1, '2026-04-01 23:17:19.955', NULL, NULL, false);
INSERT INTO ticketing.venue_seat (seat_id, venue_id, section_id, seat_code, row_label, seat_number, seat_label, x_pos, y_pos, seat_type, status, created_by, created_at, updated_by, updated_at, is_deleted) VALUES (9106, 3, 10, 'VIPB_A06', 'A', '06', 'A06', 180.00, 12.00, 'seat', 'active', 1, '2026-04-01 23:17:19.955', NULL, NULL, false);
INSERT INTO ticketing.venue_seat (seat_id, venue_id, section_id, seat_code, row_label, seat_number, seat_label, x_pos, y_pos, seat_type, status, created_by, created_at, updated_by, updated_at, is_deleted) VALUES (9206, 3, 10, 'VIPB_B06', 'B', '06', 'B06', 180.00, 24.00, 'seat', 'active', 1, '2026-04-01 23:17:19.955', NULL, NULL, false);
INSERT INTO ticketing.venue_seat (seat_id, venue_id, section_id, seat_code, row_label, seat_number, seat_label, x_pos, y_pos, seat_type, status, created_by, created_at, updated_by, updated_at, is_deleted) VALUES (9306, 3, 10, 'VIPB_C06', 'C', '06', 'C06', 180.00, 36.00, 'seat', 'active', 1, '2026-04-01 23:17:19.955', NULL, NULL, false);
INSERT INTO ticketing.venue_seat (seat_id, venue_id, section_id, seat_code, row_label, seat_number, seat_label, x_pos, y_pos, seat_type, status, created_by, created_at, updated_by, updated_at, is_deleted) VALUES (13106, 4, 14, 'VIPB_A06', 'A', '06', 'A06', 180.00, 12.00, 'seat', 'active', 1, '2026-04-01 23:17:19.955', NULL, NULL, false);
INSERT INTO ticketing.venue_seat (seat_id, venue_id, section_id, seat_code, row_label, seat_number, seat_label, x_pos, y_pos, seat_type, status, created_by, created_at, updated_by, updated_at, is_deleted) VALUES (13206, 4, 14, 'VIPB_B06', 'B', '06', 'B06', 180.00, 24.00, 'seat', 'active', 1, '2026-04-01 23:17:19.955', NULL, NULL, false);
INSERT INTO ticketing.venue_seat (seat_id, venue_id, section_id, seat_code, row_label, seat_number, seat_label, x_pos, y_pos, seat_type, status, created_by, created_at, updated_by, updated_at, is_deleted) VALUES (13306, 4, 14, 'VIPB_C06', 'C', '06', 'C06', 180.00, 36.00, 'seat', 'active', 1, '2026-04-01 23:17:19.955', NULL, NULL, false);
INSERT INTO ticketing.venue_seat (seat_id, venue_id, section_id, seat_code, row_label, seat_number, seat_label, x_pos, y_pos, seat_type, status, created_by, created_at, updated_by, updated_at, is_deleted) VALUES (17106, 5, 18, 'VIPB_A06', 'A', '06', 'A06', 180.00, 12.00, 'seat', 'active', 1, '2026-04-01 23:17:19.955', NULL, NULL, false);
INSERT INTO ticketing.venue_seat (seat_id, venue_id, section_id, seat_code, row_label, seat_number, seat_label, x_pos, y_pos, seat_type, status, created_by, created_at, updated_by, updated_at, is_deleted) VALUES (17206, 5, 18, 'VIPB_B06', 'B', '06', 'B06', 180.00, 24.00, 'seat', 'active', 1, '2026-04-01 23:17:19.955', NULL, NULL, false);
INSERT INTO ticketing.venue_seat (seat_id, venue_id, section_id, seat_code, row_label, seat_number, seat_label, x_pos, y_pos, seat_type, status, created_by, created_at, updated_by, updated_at, is_deleted) VALUES (17306, 5, 18, 'VIPB_C06', 'C', '06', 'C06', 180.00, 36.00, 'seat', 'active', 1, '2026-04-01 23:17:19.955', NULL, NULL, false);
INSERT INTO ticketing.venue_seat (seat_id, venue_id, section_id, seat_code, row_label, seat_number, seat_label, x_pos, y_pos, seat_type, status, created_by, created_at, updated_by, updated_at, is_deleted) VALUES (2101, 1, 3, 'STDA_D01', 'D', '01', 'D01', 9.00, 82.00, 'seat', 'active', 1, '2026-04-01 23:17:19.955', NULL, NULL, false);
INSERT INTO ticketing.venue_seat (seat_id, venue_id, section_id, seat_code, row_label, seat_number, seat_label, x_pos, y_pos, seat_type, status, created_by, created_at, updated_by, updated_at, is_deleted) VALUES (2201, 1, 3, 'STDA_E01', 'E', '01', 'E01', 9.00, 94.00, 'seat', 'active', 1, '2026-04-01 23:17:19.955', NULL, NULL, false);
INSERT INTO ticketing.venue_seat (seat_id, venue_id, section_id, seat_code, row_label, seat_number, seat_label, x_pos, y_pos, seat_type, status, created_by, created_at, updated_by, updated_at, is_deleted) VALUES (2301, 1, 3, 'STDA_F01', 'F', '01', 'F01', 9.00, 106.00, 'seat', 'active', 1, '2026-04-01 23:17:19.955', NULL, NULL, false);
INSERT INTO ticketing.venue_seat (seat_id, venue_id, section_id, seat_code, row_label, seat_number, seat_label, x_pos, y_pos, seat_type, status, created_by, created_at, updated_by, updated_at, is_deleted) VALUES (2401, 1, 3, 'STDA_G01', 'G', '01', 'G01', 9.00, 118.00, 'seat', 'active', 1, '2026-04-01 23:17:19.955', NULL, NULL, false);
INSERT INTO ticketing.venue_seat (seat_id, venue_id, section_id, seat_code, row_label, seat_number, seat_label, x_pos, y_pos, seat_type, status, created_by, created_at, updated_by, updated_at, is_deleted) VALUES (6101, 2, 7, 'STDA_D01', 'D', '01', 'D01', 9.00, 82.00, 'seat', 'active', 1, '2026-04-01 23:17:19.955', NULL, NULL, false);
INSERT INTO ticketing.venue_seat (seat_id, venue_id, section_id, seat_code, row_label, seat_number, seat_label, x_pos, y_pos, seat_type, status, created_by, created_at, updated_by, updated_at, is_deleted) VALUES (6201, 2, 7, 'STDA_E01', 'E', '01', 'E01', 9.00, 94.00, 'seat', 'active', 1, '2026-04-01 23:17:19.955', NULL, NULL, false);
INSERT INTO ticketing.venue_seat (seat_id, venue_id, section_id, seat_code, row_label, seat_number, seat_label, x_pos, y_pos, seat_type, status, created_by, created_at, updated_by, updated_at, is_deleted) VALUES (6301, 2, 7, 'STDA_F01', 'F', '01', 'F01', 9.00, 106.00, 'seat', 'active', 1, '2026-04-01 23:17:19.955', NULL, NULL, false);
INSERT INTO ticketing.venue_seat (seat_id, venue_id, section_id, seat_code, row_label, seat_number, seat_label, x_pos, y_pos, seat_type, status, created_by, created_at, updated_by, updated_at, is_deleted) VALUES (6401, 2, 7, 'STDA_G01', 'G', '01', 'G01', 9.00, 118.00, 'seat', 'active', 1, '2026-04-01 23:17:19.955', NULL, NULL, false);
INSERT INTO ticketing.venue_seat (seat_id, venue_id, section_id, seat_code, row_label, seat_number, seat_label, x_pos, y_pos, seat_type, status, created_by, created_at, updated_by, updated_at, is_deleted) VALUES (10101, 3, 11, 'STDA_D01', 'D', '01', 'D01', 9.00, 82.00, 'seat', 'active', 1, '2026-04-01 23:17:19.955', NULL, NULL, false);
INSERT INTO ticketing.venue_seat (seat_id, venue_id, section_id, seat_code, row_label, seat_number, seat_label, x_pos, y_pos, seat_type, status, created_by, created_at, updated_by, updated_at, is_deleted) VALUES (10201, 3, 11, 'STDA_E01', 'E', '01', 'E01', 9.00, 94.00, 'seat', 'active', 1, '2026-04-01 23:17:19.955', NULL, NULL, false);
INSERT INTO ticketing.venue_seat (seat_id, venue_id, section_id, seat_code, row_label, seat_number, seat_label, x_pos, y_pos, seat_type, status, created_by, created_at, updated_by, updated_at, is_deleted) VALUES (10301, 3, 11, 'STDA_F01', 'F', '01', 'F01', 9.00, 106.00, 'seat', 'active', 1, '2026-04-01 23:17:19.955', NULL, NULL, false);
INSERT INTO ticketing.venue_seat (seat_id, venue_id, section_id, seat_code, row_label, seat_number, seat_label, x_pos, y_pos, seat_type, status, created_by, created_at, updated_by, updated_at, is_deleted) VALUES (10401, 3, 11, 'STDA_G01', 'G', '01', 'G01', 9.00, 118.00, 'seat', 'active', 1, '2026-04-01 23:17:19.955', NULL, NULL, false);
INSERT INTO ticketing.venue_seat (seat_id, venue_id, section_id, seat_code, row_label, seat_number, seat_label, x_pos, y_pos, seat_type, status, created_by, created_at, updated_by, updated_at, is_deleted) VALUES (14101, 4, 15, 'STDA_D01', 'D', '01', 'D01', 9.00, 82.00, 'seat', 'active', 1, '2026-04-01 23:17:19.955', NULL, NULL, false);
INSERT INTO ticketing.venue_seat (seat_id, venue_id, section_id, seat_code, row_label, seat_number, seat_label, x_pos, y_pos, seat_type, status, created_by, created_at, updated_by, updated_at, is_deleted) VALUES (14201, 4, 15, 'STDA_E01', 'E', '01', 'E01', 9.00, 94.00, 'seat', 'active', 1, '2026-04-01 23:17:19.955', NULL, NULL, false);
INSERT INTO ticketing.venue_seat (seat_id, venue_id, section_id, seat_code, row_label, seat_number, seat_label, x_pos, y_pos, seat_type, status, created_by, created_at, updated_by, updated_at, is_deleted) VALUES (14301, 4, 15, 'STDA_F01', 'F', '01', 'F01', 9.00, 106.00, 'seat', 'active', 1, '2026-04-01 23:17:19.955', NULL, NULL, false);
INSERT INTO ticketing.venue_seat (seat_id, venue_id, section_id, seat_code, row_label, seat_number, seat_label, x_pos, y_pos, seat_type, status, created_by, created_at, updated_by, updated_at, is_deleted) VALUES (14401, 4, 15, 'STDA_G01', 'G', '01', 'G01', 9.00, 118.00, 'seat', 'active', 1, '2026-04-01 23:17:19.955', NULL, NULL, false);
INSERT INTO ticketing.venue_seat (seat_id, venue_id, section_id, seat_code, row_label, seat_number, seat_label, x_pos, y_pos, seat_type, status, created_by, created_at, updated_by, updated_at, is_deleted) VALUES (18101, 5, 19, 'STDA_D01', 'D', '01', 'D01', 9.00, 82.00, 'seat', 'active', 1, '2026-04-01 23:17:19.955', NULL, NULL, false);
INSERT INTO ticketing.venue_seat (seat_id, venue_id, section_id, seat_code, row_label, seat_number, seat_label, x_pos, y_pos, seat_type, status, created_by, created_at, updated_by, updated_at, is_deleted) VALUES (18201, 5, 19, 'STDA_E01', 'E', '01', 'E01', 9.00, 94.00, 'seat', 'active', 1, '2026-04-01 23:17:19.955', NULL, NULL, false);
INSERT INTO ticketing.venue_seat (seat_id, venue_id, section_id, seat_code, row_label, seat_number, seat_label, x_pos, y_pos, seat_type, status, created_by, created_at, updated_by, updated_at, is_deleted) VALUES (18301, 5, 19, 'STDA_F01', 'F', '01', 'F01', 9.00, 106.00, 'seat', 'active', 1, '2026-04-01 23:17:19.955', NULL, NULL, false);
INSERT INTO ticketing.venue_seat (seat_id, venue_id, section_id, seat_code, row_label, seat_number, seat_label, x_pos, y_pos, seat_type, status, created_by, created_at, updated_by, updated_at, is_deleted) VALUES (18401, 5, 19, 'STDA_G01', 'G', '01', 'G01', 9.00, 118.00, 'seat', 'active', 1, '2026-04-01 23:17:19.955', NULL, NULL, false);
INSERT INTO ticketing.venue_seat (seat_id, venue_id, section_id, seat_code, row_label, seat_number, seat_label, x_pos, y_pos, seat_type, status, created_by, created_at, updated_by, updated_at, is_deleted) VALUES (2102, 1, 3, 'STDA_D02', 'D', '02', 'D02', 18.00, 82.00, 'seat', 'active', 1, '2026-04-01 23:17:19.955', NULL, NULL, false);
INSERT INTO ticketing.venue_seat (seat_id, venue_id, section_id, seat_code, row_label, seat_number, seat_label, x_pos, y_pos, seat_type, status, created_by, created_at, updated_by, updated_at, is_deleted) VALUES (2202, 1, 3, 'STDA_E02', 'E', '02', 'E02', 18.00, 94.00, 'seat', 'active', 1, '2026-04-01 23:17:19.955', NULL, NULL, false);
INSERT INTO ticketing.venue_seat (seat_id, venue_id, section_id, seat_code, row_label, seat_number, seat_label, x_pos, y_pos, seat_type, status, created_by, created_at, updated_by, updated_at, is_deleted) VALUES (2302, 1, 3, 'STDA_F02', 'F', '02', 'F02', 18.00, 106.00, 'seat', 'active', 1, '2026-04-01 23:17:19.955', NULL, NULL, false);
INSERT INTO ticketing.venue_seat (seat_id, venue_id, section_id, seat_code, row_label, seat_number, seat_label, x_pos, y_pos, seat_type, status, created_by, created_at, updated_by, updated_at, is_deleted) VALUES (2402, 1, 3, 'STDA_G02', 'G', '02', 'G02', 18.00, 118.00, 'seat', 'active', 1, '2026-04-01 23:17:19.955', NULL, NULL, false);
INSERT INTO ticketing.venue_seat (seat_id, venue_id, section_id, seat_code, row_label, seat_number, seat_label, x_pos, y_pos, seat_type, status, created_by, created_at, updated_by, updated_at, is_deleted) VALUES (6102, 2, 7, 'STDA_D02', 'D', '02', 'D02', 18.00, 82.00, 'seat', 'active', 1, '2026-04-01 23:17:19.955', NULL, NULL, false);
INSERT INTO ticketing.venue_seat (seat_id, venue_id, section_id, seat_code, row_label, seat_number, seat_label, x_pos, y_pos, seat_type, status, created_by, created_at, updated_by, updated_at, is_deleted) VALUES (6202, 2, 7, 'STDA_E02', 'E', '02', 'E02', 18.00, 94.00, 'seat', 'active', 1, '2026-04-01 23:17:19.955', NULL, NULL, false);
INSERT INTO ticketing.venue_seat (seat_id, venue_id, section_id, seat_code, row_label, seat_number, seat_label, x_pos, y_pos, seat_type, status, created_by, created_at, updated_by, updated_at, is_deleted) VALUES (6302, 2, 7, 'STDA_F02', 'F', '02', 'F02', 18.00, 106.00, 'seat', 'active', 1, '2026-04-01 23:17:19.955', NULL, NULL, false);
INSERT INTO ticketing.venue_seat (seat_id, venue_id, section_id, seat_code, row_label, seat_number, seat_label, x_pos, y_pos, seat_type, status, created_by, created_at, updated_by, updated_at, is_deleted) VALUES (6402, 2, 7, 'STDA_G02', 'G', '02', 'G02', 18.00, 118.00, 'seat', 'active', 1, '2026-04-01 23:17:19.955', NULL, NULL, false);
INSERT INTO ticketing.venue_seat (seat_id, venue_id, section_id, seat_code, row_label, seat_number, seat_label, x_pos, y_pos, seat_type, status, created_by, created_at, updated_by, updated_at, is_deleted) VALUES (10102, 3, 11, 'STDA_D02', 'D', '02', 'D02', 18.00, 82.00, 'seat', 'active', 1, '2026-04-01 23:17:19.955', NULL, NULL, false);
INSERT INTO ticketing.venue_seat (seat_id, venue_id, section_id, seat_code, row_label, seat_number, seat_label, x_pos, y_pos, seat_type, status, created_by, created_at, updated_by, updated_at, is_deleted) VALUES (10202, 3, 11, 'STDA_E02', 'E', '02', 'E02', 18.00, 94.00, 'seat', 'active', 1, '2026-04-01 23:17:19.955', NULL, NULL, false);
INSERT INTO ticketing.venue_seat (seat_id, venue_id, section_id, seat_code, row_label, seat_number, seat_label, x_pos, y_pos, seat_type, status, created_by, created_at, updated_by, updated_at, is_deleted) VALUES (10302, 3, 11, 'STDA_F02', 'F', '02', 'F02', 18.00, 106.00, 'seat', 'active', 1, '2026-04-01 23:17:19.955', NULL, NULL, false);
INSERT INTO ticketing.venue_seat (seat_id, venue_id, section_id, seat_code, row_label, seat_number, seat_label, x_pos, y_pos, seat_type, status, created_by, created_at, updated_by, updated_at, is_deleted) VALUES (10402, 3, 11, 'STDA_G02', 'G', '02', 'G02', 18.00, 118.00, 'seat', 'active', 1, '2026-04-01 23:17:19.955', NULL, NULL, false);
INSERT INTO ticketing.venue_seat (seat_id, venue_id, section_id, seat_code, row_label, seat_number, seat_label, x_pos, y_pos, seat_type, status, created_by, created_at, updated_by, updated_at, is_deleted) VALUES (14102, 4, 15, 'STDA_D02', 'D', '02', 'D02', 18.00, 82.00, 'seat', 'active', 1, '2026-04-01 23:17:19.955', NULL, NULL, false);
INSERT INTO ticketing.venue_seat (seat_id, venue_id, section_id, seat_code, row_label, seat_number, seat_label, x_pos, y_pos, seat_type, status, created_by, created_at, updated_by, updated_at, is_deleted) VALUES (14202, 4, 15, 'STDA_E02', 'E', '02', 'E02', 18.00, 94.00, 'seat', 'active', 1, '2026-04-01 23:17:19.955', NULL, NULL, false);
INSERT INTO ticketing.venue_seat (seat_id, venue_id, section_id, seat_code, row_label, seat_number, seat_label, x_pos, y_pos, seat_type, status, created_by, created_at, updated_by, updated_at, is_deleted) VALUES (14302, 4, 15, 'STDA_F02', 'F', '02', 'F02', 18.00, 106.00, 'seat', 'active', 1, '2026-04-01 23:17:19.955', NULL, NULL, false);
INSERT INTO ticketing.venue_seat (seat_id, venue_id, section_id, seat_code, row_label, seat_number, seat_label, x_pos, y_pos, seat_type, status, created_by, created_at, updated_by, updated_at, is_deleted) VALUES (14402, 4, 15, 'STDA_G02', 'G', '02', 'G02', 18.00, 118.00, 'seat', 'active', 1, '2026-04-01 23:17:19.955', NULL, NULL, false);
INSERT INTO ticketing.venue_seat (seat_id, venue_id, section_id, seat_code, row_label, seat_number, seat_label, x_pos, y_pos, seat_type, status, created_by, created_at, updated_by, updated_at, is_deleted) VALUES (18102, 5, 19, 'STDA_D02', 'D', '02', 'D02', 18.00, 82.00, 'seat', 'active', 1, '2026-04-01 23:17:19.955', NULL, NULL, false);
INSERT INTO ticketing.venue_seat (seat_id, venue_id, section_id, seat_code, row_label, seat_number, seat_label, x_pos, y_pos, seat_type, status, created_by, created_at, updated_by, updated_at, is_deleted) VALUES (18202, 5, 19, 'STDA_E02', 'E', '02', 'E02', 18.00, 94.00, 'seat', 'active', 1, '2026-04-01 23:17:19.955', NULL, NULL, false);
INSERT INTO ticketing.venue_seat (seat_id, venue_id, section_id, seat_code, row_label, seat_number, seat_label, x_pos, y_pos, seat_type, status, created_by, created_at, updated_by, updated_at, is_deleted) VALUES (18302, 5, 19, 'STDA_F02', 'F', '02', 'F02', 18.00, 106.00, 'seat', 'active', 1, '2026-04-01 23:17:19.955', NULL, NULL, false);
INSERT INTO ticketing.venue_seat (seat_id, venue_id, section_id, seat_code, row_label, seat_number, seat_label, x_pos, y_pos, seat_type, status, created_by, created_at, updated_by, updated_at, is_deleted) VALUES (18402, 5, 19, 'STDA_G02', 'G', '02', 'G02', 18.00, 118.00, 'seat', 'active', 1, '2026-04-01 23:17:19.955', NULL, NULL, false);
INSERT INTO ticketing.venue_seat (seat_id, venue_id, section_id, seat_code, row_label, seat_number, seat_label, x_pos, y_pos, seat_type, status, created_by, created_at, updated_by, updated_at, is_deleted) VALUES (2103, 1, 3, 'STDA_D03', 'D', '03', 'D03', 27.00, 82.00, 'seat', 'active', 1, '2026-04-01 23:17:19.955', NULL, NULL, false);
INSERT INTO ticketing.venue_seat (seat_id, venue_id, section_id, seat_code, row_label, seat_number, seat_label, x_pos, y_pos, seat_type, status, created_by, created_at, updated_by, updated_at, is_deleted) VALUES (2203, 1, 3, 'STDA_E03', 'E', '03', 'E03', 27.00, 94.00, 'seat', 'active', 1, '2026-04-01 23:17:19.955', NULL, NULL, false);
INSERT INTO ticketing.venue_seat (seat_id, venue_id, section_id, seat_code, row_label, seat_number, seat_label, x_pos, y_pos, seat_type, status, created_by, created_at, updated_by, updated_at, is_deleted) VALUES (2303, 1, 3, 'STDA_F03', 'F', '03', 'F03', 27.00, 106.00, 'seat', 'active', 1, '2026-04-01 23:17:19.955', NULL, NULL, false);
INSERT INTO ticketing.venue_seat (seat_id, venue_id, section_id, seat_code, row_label, seat_number, seat_label, x_pos, y_pos, seat_type, status, created_by, created_at, updated_by, updated_at, is_deleted) VALUES (2403, 1, 3, 'STDA_G03', 'G', '03', 'G03', 27.00, 118.00, 'seat', 'active', 1, '2026-04-01 23:17:19.955', NULL, NULL, false);
INSERT INTO ticketing.venue_seat (seat_id, venue_id, section_id, seat_code, row_label, seat_number, seat_label, x_pos, y_pos, seat_type, status, created_by, created_at, updated_by, updated_at, is_deleted) VALUES (6103, 2, 7, 'STDA_D03', 'D', '03', 'D03', 27.00, 82.00, 'seat', 'active', 1, '2026-04-01 23:17:19.955', NULL, NULL, false);
INSERT INTO ticketing.venue_seat (seat_id, venue_id, section_id, seat_code, row_label, seat_number, seat_label, x_pos, y_pos, seat_type, status, created_by, created_at, updated_by, updated_at, is_deleted) VALUES (6203, 2, 7, 'STDA_E03', 'E', '03', 'E03', 27.00, 94.00, 'seat', 'active', 1, '2026-04-01 23:17:19.955', NULL, NULL, false);
INSERT INTO ticketing.venue_seat (seat_id, venue_id, section_id, seat_code, row_label, seat_number, seat_label, x_pos, y_pos, seat_type, status, created_by, created_at, updated_by, updated_at, is_deleted) VALUES (6303, 2, 7, 'STDA_F03', 'F', '03', 'F03', 27.00, 106.00, 'seat', 'active', 1, '2026-04-01 23:17:19.955', NULL, NULL, false);
INSERT INTO ticketing.venue_seat (seat_id, venue_id, section_id, seat_code, row_label, seat_number, seat_label, x_pos, y_pos, seat_type, status, created_by, created_at, updated_by, updated_at, is_deleted) VALUES (6403, 2, 7, 'STDA_G03', 'G', '03', 'G03', 27.00, 118.00, 'seat', 'active', 1, '2026-04-01 23:17:19.955', NULL, NULL, false);
INSERT INTO ticketing.venue_seat (seat_id, venue_id, section_id, seat_code, row_label, seat_number, seat_label, x_pos, y_pos, seat_type, status, created_by, created_at, updated_by, updated_at, is_deleted) VALUES (10103, 3, 11, 'STDA_D03', 'D', '03', 'D03', 27.00, 82.00, 'seat', 'active', 1, '2026-04-01 23:17:19.955', NULL, NULL, false);
INSERT INTO ticketing.venue_seat (seat_id, venue_id, section_id, seat_code, row_label, seat_number, seat_label, x_pos, y_pos, seat_type, status, created_by, created_at, updated_by, updated_at, is_deleted) VALUES (10203, 3, 11, 'STDA_E03', 'E', '03', 'E03', 27.00, 94.00, 'seat', 'active', 1, '2026-04-01 23:17:19.955', NULL, NULL, false);
INSERT INTO ticketing.venue_seat (seat_id, venue_id, section_id, seat_code, row_label, seat_number, seat_label, x_pos, y_pos, seat_type, status, created_by, created_at, updated_by, updated_at, is_deleted) VALUES (10303, 3, 11, 'STDA_F03', 'F', '03', 'F03', 27.00, 106.00, 'seat', 'active', 1, '2026-04-01 23:17:19.955', NULL, NULL, false);
INSERT INTO ticketing.venue_seat (seat_id, venue_id, section_id, seat_code, row_label, seat_number, seat_label, x_pos, y_pos, seat_type, status, created_by, created_at, updated_by, updated_at, is_deleted) VALUES (10403, 3, 11, 'STDA_G03', 'G', '03', 'G03', 27.00, 118.00, 'seat', 'active', 1, '2026-04-01 23:17:19.955', NULL, NULL, false);
INSERT INTO ticketing.venue_seat (seat_id, venue_id, section_id, seat_code, row_label, seat_number, seat_label, x_pos, y_pos, seat_type, status, created_by, created_at, updated_by, updated_at, is_deleted) VALUES (14103, 4, 15, 'STDA_D03', 'D', '03', 'D03', 27.00, 82.00, 'seat', 'active', 1, '2026-04-01 23:17:19.955', NULL, NULL, false);
INSERT INTO ticketing.venue_seat (seat_id, venue_id, section_id, seat_code, row_label, seat_number, seat_label, x_pos, y_pos, seat_type, status, created_by, created_at, updated_by, updated_at, is_deleted) VALUES (14203, 4, 15, 'STDA_E03', 'E', '03', 'E03', 27.00, 94.00, 'seat', 'active', 1, '2026-04-01 23:17:19.955', NULL, NULL, false);
INSERT INTO ticketing.venue_seat (seat_id, venue_id, section_id, seat_code, row_label, seat_number, seat_label, x_pos, y_pos, seat_type, status, created_by, created_at, updated_by, updated_at, is_deleted) VALUES (14303, 4, 15, 'STDA_F03', 'F', '03', 'F03', 27.00, 106.00, 'seat', 'active', 1, '2026-04-01 23:17:19.955', NULL, NULL, false);
INSERT INTO ticketing.venue_seat (seat_id, venue_id, section_id, seat_code, row_label, seat_number, seat_label, x_pos, y_pos, seat_type, status, created_by, created_at, updated_by, updated_at, is_deleted) VALUES (14403, 4, 15, 'STDA_G03', 'G', '03', 'G03', 27.00, 118.00, 'seat', 'active', 1, '2026-04-01 23:17:19.955', NULL, NULL, false);
INSERT INTO ticketing.venue_seat (seat_id, venue_id, section_id, seat_code, row_label, seat_number, seat_label, x_pos, y_pos, seat_type, status, created_by, created_at, updated_by, updated_at, is_deleted) VALUES (18103, 5, 19, 'STDA_D03', 'D', '03', 'D03', 27.00, 82.00, 'seat', 'active', 1, '2026-04-01 23:17:19.955', NULL, NULL, false);
INSERT INTO ticketing.venue_seat (seat_id, venue_id, section_id, seat_code, row_label, seat_number, seat_label, x_pos, y_pos, seat_type, status, created_by, created_at, updated_by, updated_at, is_deleted) VALUES (18203, 5, 19, 'STDA_E03', 'E', '03', 'E03', 27.00, 94.00, 'seat', 'active', 1, '2026-04-01 23:17:19.955', NULL, NULL, false);
INSERT INTO ticketing.venue_seat (seat_id, venue_id, section_id, seat_code, row_label, seat_number, seat_label, x_pos, y_pos, seat_type, status, created_by, created_at, updated_by, updated_at, is_deleted) VALUES (18303, 5, 19, 'STDA_F03', 'F', '03', 'F03', 27.00, 106.00, 'seat', 'active', 1, '2026-04-01 23:17:19.955', NULL, NULL, false);
INSERT INTO ticketing.venue_seat (seat_id, venue_id, section_id, seat_code, row_label, seat_number, seat_label, x_pos, y_pos, seat_type, status, created_by, created_at, updated_by, updated_at, is_deleted) VALUES (18403, 5, 19, 'STDA_G03', 'G', '03', 'G03', 27.00, 118.00, 'seat', 'active', 1, '2026-04-01 23:17:19.955', NULL, NULL, false);
INSERT INTO ticketing.venue_seat (seat_id, venue_id, section_id, seat_code, row_label, seat_number, seat_label, x_pos, y_pos, seat_type, status, created_by, created_at, updated_by, updated_at, is_deleted) VALUES (2104, 1, 3, 'STDA_D04', 'D', '04', 'D04', 36.00, 82.00, 'seat', 'active', 1, '2026-04-01 23:17:19.955', NULL, NULL, false);
INSERT INTO ticketing.venue_seat (seat_id, venue_id, section_id, seat_code, row_label, seat_number, seat_label, x_pos, y_pos, seat_type, status, created_by, created_at, updated_by, updated_at, is_deleted) VALUES (2204, 1, 3, 'STDA_E04', 'E', '04', 'E04', 36.00, 94.00, 'seat', 'active', 1, '2026-04-01 23:17:19.955', NULL, NULL, false);
INSERT INTO ticketing.venue_seat (seat_id, venue_id, section_id, seat_code, row_label, seat_number, seat_label, x_pos, y_pos, seat_type, status, created_by, created_at, updated_by, updated_at, is_deleted) VALUES (2304, 1, 3, 'STDA_F04', 'F', '04', 'F04', 36.00, 106.00, 'seat', 'active', 1, '2026-04-01 23:17:19.955', NULL, NULL, false);
INSERT INTO ticketing.venue_seat (seat_id, venue_id, section_id, seat_code, row_label, seat_number, seat_label, x_pos, y_pos, seat_type, status, created_by, created_at, updated_by, updated_at, is_deleted) VALUES (2404, 1, 3, 'STDA_G04', 'G', '04', 'G04', 36.00, 118.00, 'seat', 'active', 1, '2026-04-01 23:17:19.955', NULL, NULL, false);
INSERT INTO ticketing.venue_seat (seat_id, venue_id, section_id, seat_code, row_label, seat_number, seat_label, x_pos, y_pos, seat_type, status, created_by, created_at, updated_by, updated_at, is_deleted) VALUES (6104, 2, 7, 'STDA_D04', 'D', '04', 'D04', 36.00, 82.00, 'seat', 'active', 1, '2026-04-01 23:17:19.955', NULL, NULL, false);
INSERT INTO ticketing.venue_seat (seat_id, venue_id, section_id, seat_code, row_label, seat_number, seat_label, x_pos, y_pos, seat_type, status, created_by, created_at, updated_by, updated_at, is_deleted) VALUES (6204, 2, 7, 'STDA_E04', 'E', '04', 'E04', 36.00, 94.00, 'seat', 'active', 1, '2026-04-01 23:17:19.955', NULL, NULL, false);
INSERT INTO ticketing.venue_seat (seat_id, venue_id, section_id, seat_code, row_label, seat_number, seat_label, x_pos, y_pos, seat_type, status, created_by, created_at, updated_by, updated_at, is_deleted) VALUES (6304, 2, 7, 'STDA_F04', 'F', '04', 'F04', 36.00, 106.00, 'seat', 'active', 1, '2026-04-01 23:17:19.955', NULL, NULL, false);
INSERT INTO ticketing.venue_seat (seat_id, venue_id, section_id, seat_code, row_label, seat_number, seat_label, x_pos, y_pos, seat_type, status, created_by, created_at, updated_by, updated_at, is_deleted) VALUES (6404, 2, 7, 'STDA_G04', 'G', '04', 'G04', 36.00, 118.00, 'seat', 'active', 1, '2026-04-01 23:17:19.955', NULL, NULL, false);
INSERT INTO ticketing.venue_seat (seat_id, venue_id, section_id, seat_code, row_label, seat_number, seat_label, x_pos, y_pos, seat_type, status, created_by, created_at, updated_by, updated_at, is_deleted) VALUES (10104, 3, 11, 'STDA_D04', 'D', '04', 'D04', 36.00, 82.00, 'seat', 'active', 1, '2026-04-01 23:17:19.955', NULL, NULL, false);
INSERT INTO ticketing.venue_seat (seat_id, venue_id, section_id, seat_code, row_label, seat_number, seat_label, x_pos, y_pos, seat_type, status, created_by, created_at, updated_by, updated_at, is_deleted) VALUES (10204, 3, 11, 'STDA_E04', 'E', '04', 'E04', 36.00, 94.00, 'seat', 'active', 1, '2026-04-01 23:17:19.955', NULL, NULL, false);
INSERT INTO ticketing.venue_seat (seat_id, venue_id, section_id, seat_code, row_label, seat_number, seat_label, x_pos, y_pos, seat_type, status, created_by, created_at, updated_by, updated_at, is_deleted) VALUES (10304, 3, 11, 'STDA_F04', 'F', '04', 'F04', 36.00, 106.00, 'seat', 'active', 1, '2026-04-01 23:17:19.955', NULL, NULL, false);
INSERT INTO ticketing.venue_seat (seat_id, venue_id, section_id, seat_code, row_label, seat_number, seat_label, x_pos, y_pos, seat_type, status, created_by, created_at, updated_by, updated_at, is_deleted) VALUES (10404, 3, 11, 'STDA_G04', 'G', '04', 'G04', 36.00, 118.00, 'seat', 'active', 1, '2026-04-01 23:17:19.955', NULL, NULL, false);
INSERT INTO ticketing.venue_seat (seat_id, venue_id, section_id, seat_code, row_label, seat_number, seat_label, x_pos, y_pos, seat_type, status, created_by, created_at, updated_by, updated_at, is_deleted) VALUES (14104, 4, 15, 'STDA_D04', 'D', '04', 'D04', 36.00, 82.00, 'seat', 'active', 1, '2026-04-01 23:17:19.955', NULL, NULL, false);
INSERT INTO ticketing.venue_seat (seat_id, venue_id, section_id, seat_code, row_label, seat_number, seat_label, x_pos, y_pos, seat_type, status, created_by, created_at, updated_by, updated_at, is_deleted) VALUES (14204, 4, 15, 'STDA_E04', 'E', '04', 'E04', 36.00, 94.00, 'seat', 'active', 1, '2026-04-01 23:17:19.955', NULL, NULL, false);
INSERT INTO ticketing.venue_seat (seat_id, venue_id, section_id, seat_code, row_label, seat_number, seat_label, x_pos, y_pos, seat_type, status, created_by, created_at, updated_by, updated_at, is_deleted) VALUES (14304, 4, 15, 'STDA_F04', 'F', '04', 'F04', 36.00, 106.00, 'seat', 'active', 1, '2026-04-01 23:17:19.955', NULL, NULL, false);
INSERT INTO ticketing.venue_seat (seat_id, venue_id, section_id, seat_code, row_label, seat_number, seat_label, x_pos, y_pos, seat_type, status, created_by, created_at, updated_by, updated_at, is_deleted) VALUES (14404, 4, 15, 'STDA_G04', 'G', '04', 'G04', 36.00, 118.00, 'seat', 'active', 1, '2026-04-01 23:17:19.955', NULL, NULL, false);
INSERT INTO ticketing.venue_seat (seat_id, venue_id, section_id, seat_code, row_label, seat_number, seat_label, x_pos, y_pos, seat_type, status, created_by, created_at, updated_by, updated_at, is_deleted) VALUES (18104, 5, 19, 'STDA_D04', 'D', '04', 'D04', 36.00, 82.00, 'seat', 'active', 1, '2026-04-01 23:17:19.955', NULL, NULL, false);
INSERT INTO ticketing.venue_seat (seat_id, venue_id, section_id, seat_code, row_label, seat_number, seat_label, x_pos, y_pos, seat_type, status, created_by, created_at, updated_by, updated_at, is_deleted) VALUES (18204, 5, 19, 'STDA_E04', 'E', '04', 'E04', 36.00, 94.00, 'seat', 'active', 1, '2026-04-01 23:17:19.955', NULL, NULL, false);
INSERT INTO ticketing.venue_seat (seat_id, venue_id, section_id, seat_code, row_label, seat_number, seat_label, x_pos, y_pos, seat_type, status, created_by, created_at, updated_by, updated_at, is_deleted) VALUES (18304, 5, 19, 'STDA_F04', 'F', '04', 'F04', 36.00, 106.00, 'seat', 'active', 1, '2026-04-01 23:17:19.955', NULL, NULL, false);
INSERT INTO ticketing.venue_seat (seat_id, venue_id, section_id, seat_code, row_label, seat_number, seat_label, x_pos, y_pos, seat_type, status, created_by, created_at, updated_by, updated_at, is_deleted) VALUES (18404, 5, 19, 'STDA_G04', 'G', '04', 'G04', 36.00, 118.00, 'seat', 'active', 1, '2026-04-01 23:17:19.955', NULL, NULL, false);
INSERT INTO ticketing.venue_seat (seat_id, venue_id, section_id, seat_code, row_label, seat_number, seat_label, x_pos, y_pos, seat_type, status, created_by, created_at, updated_by, updated_at, is_deleted) VALUES (2105, 1, 3, 'STDA_D05', 'D', '05', 'D05', 45.00, 82.00, 'seat', 'active', 1, '2026-04-01 23:17:19.955', NULL, NULL, false);
INSERT INTO ticketing.venue_seat (seat_id, venue_id, section_id, seat_code, row_label, seat_number, seat_label, x_pos, y_pos, seat_type, status, created_by, created_at, updated_by, updated_at, is_deleted) VALUES (2205, 1, 3, 'STDA_E05', 'E', '05', 'E05', 45.00, 94.00, 'seat', 'active', 1, '2026-04-01 23:17:19.955', NULL, NULL, false);
INSERT INTO ticketing.venue_seat (seat_id, venue_id, section_id, seat_code, row_label, seat_number, seat_label, x_pos, y_pos, seat_type, status, created_by, created_at, updated_by, updated_at, is_deleted) VALUES (2305, 1, 3, 'STDA_F05', 'F', '05', 'F05', 45.00, 106.00, 'seat', 'active', 1, '2026-04-01 23:17:19.955', NULL, NULL, false);
INSERT INTO ticketing.venue_seat (seat_id, venue_id, section_id, seat_code, row_label, seat_number, seat_label, x_pos, y_pos, seat_type, status, created_by, created_at, updated_by, updated_at, is_deleted) VALUES (2405, 1, 3, 'STDA_G05', 'G', '05', 'G05', 45.00, 118.00, 'seat', 'active', 1, '2026-04-01 23:17:19.955', NULL, NULL, false);
INSERT INTO ticketing.venue_seat (seat_id, venue_id, section_id, seat_code, row_label, seat_number, seat_label, x_pos, y_pos, seat_type, status, created_by, created_at, updated_by, updated_at, is_deleted) VALUES (6105, 2, 7, 'STDA_D05', 'D', '05', 'D05', 45.00, 82.00, 'seat', 'active', 1, '2026-04-01 23:17:19.955', NULL, NULL, false);
INSERT INTO ticketing.venue_seat (seat_id, venue_id, section_id, seat_code, row_label, seat_number, seat_label, x_pos, y_pos, seat_type, status, created_by, created_at, updated_by, updated_at, is_deleted) VALUES (6205, 2, 7, 'STDA_E05', 'E', '05', 'E05', 45.00, 94.00, 'seat', 'active', 1, '2026-04-01 23:17:19.955', NULL, NULL, false);
INSERT INTO ticketing.venue_seat (seat_id, venue_id, section_id, seat_code, row_label, seat_number, seat_label, x_pos, y_pos, seat_type, status, created_by, created_at, updated_by, updated_at, is_deleted) VALUES (6305, 2, 7, 'STDA_F05', 'F', '05', 'F05', 45.00, 106.00, 'seat', 'active', 1, '2026-04-01 23:17:19.955', NULL, NULL, false);
INSERT INTO ticketing.venue_seat (seat_id, venue_id, section_id, seat_code, row_label, seat_number, seat_label, x_pos, y_pos, seat_type, status, created_by, created_at, updated_by, updated_at, is_deleted) VALUES (6405, 2, 7, 'STDA_G05', 'G', '05', 'G05', 45.00, 118.00, 'seat', 'active', 1, '2026-04-01 23:17:19.955', NULL, NULL, false);
INSERT INTO ticketing.venue_seat (seat_id, venue_id, section_id, seat_code, row_label, seat_number, seat_label, x_pos, y_pos, seat_type, status, created_by, created_at, updated_by, updated_at, is_deleted) VALUES (10105, 3, 11, 'STDA_D05', 'D', '05', 'D05', 45.00, 82.00, 'seat', 'active', 1, '2026-04-01 23:17:19.955', NULL, NULL, false);
INSERT INTO ticketing.venue_seat (seat_id, venue_id, section_id, seat_code, row_label, seat_number, seat_label, x_pos, y_pos, seat_type, status, created_by, created_at, updated_by, updated_at, is_deleted) VALUES (10205, 3, 11, 'STDA_E05', 'E', '05', 'E05', 45.00, 94.00, 'seat', 'active', 1, '2026-04-01 23:17:19.955', NULL, NULL, false);
INSERT INTO ticketing.venue_seat (seat_id, venue_id, section_id, seat_code, row_label, seat_number, seat_label, x_pos, y_pos, seat_type, status, created_by, created_at, updated_by, updated_at, is_deleted) VALUES (10305, 3, 11, 'STDA_F05', 'F', '05', 'F05', 45.00, 106.00, 'seat', 'active', 1, '2026-04-01 23:17:19.955', NULL, NULL, false);
INSERT INTO ticketing.venue_seat (seat_id, venue_id, section_id, seat_code, row_label, seat_number, seat_label, x_pos, y_pos, seat_type, status, created_by, created_at, updated_by, updated_at, is_deleted) VALUES (10405, 3, 11, 'STDA_G05', 'G', '05', 'G05', 45.00, 118.00, 'seat', 'active', 1, '2026-04-01 23:17:19.955', NULL, NULL, false);
INSERT INTO ticketing.venue_seat (seat_id, venue_id, section_id, seat_code, row_label, seat_number, seat_label, x_pos, y_pos, seat_type, status, created_by, created_at, updated_by, updated_at, is_deleted) VALUES (14105, 4, 15, 'STDA_D05', 'D', '05', 'D05', 45.00, 82.00, 'seat', 'active', 1, '2026-04-01 23:17:19.955', NULL, NULL, false);
INSERT INTO ticketing.venue_seat (seat_id, venue_id, section_id, seat_code, row_label, seat_number, seat_label, x_pos, y_pos, seat_type, status, created_by, created_at, updated_by, updated_at, is_deleted) VALUES (14205, 4, 15, 'STDA_E05', 'E', '05', 'E05', 45.00, 94.00, 'seat', 'active', 1, '2026-04-01 23:17:19.955', NULL, NULL, false);
INSERT INTO ticketing.venue_seat (seat_id, venue_id, section_id, seat_code, row_label, seat_number, seat_label, x_pos, y_pos, seat_type, status, created_by, created_at, updated_by, updated_at, is_deleted) VALUES (14305, 4, 15, 'STDA_F05', 'F', '05', 'F05', 45.00, 106.00, 'seat', 'active', 1, '2026-04-01 23:17:19.955', NULL, NULL, false);
INSERT INTO ticketing.venue_seat (seat_id, venue_id, section_id, seat_code, row_label, seat_number, seat_label, x_pos, y_pos, seat_type, status, created_by, created_at, updated_by, updated_at, is_deleted) VALUES (14405, 4, 15, 'STDA_G05', 'G', '05', 'G05', 45.00, 118.00, 'seat', 'active', 1, '2026-04-01 23:17:19.955', NULL, NULL, false);
INSERT INTO ticketing.venue_seat (seat_id, venue_id, section_id, seat_code, row_label, seat_number, seat_label, x_pos, y_pos, seat_type, status, created_by, created_at, updated_by, updated_at, is_deleted) VALUES (18105, 5, 19, 'STDA_D05', 'D', '05', 'D05', 45.00, 82.00, 'seat', 'active', 1, '2026-04-01 23:17:19.955', NULL, NULL, false);
INSERT INTO ticketing.venue_seat (seat_id, venue_id, section_id, seat_code, row_label, seat_number, seat_label, x_pos, y_pos, seat_type, status, created_by, created_at, updated_by, updated_at, is_deleted) VALUES (18205, 5, 19, 'STDA_E05', 'E', '05', 'E05', 45.00, 94.00, 'seat', 'active', 1, '2026-04-01 23:17:19.955', NULL, NULL, false);
INSERT INTO ticketing.venue_seat (seat_id, venue_id, section_id, seat_code, row_label, seat_number, seat_label, x_pos, y_pos, seat_type, status, created_by, created_at, updated_by, updated_at, is_deleted) VALUES (18305, 5, 19, 'STDA_F05', 'F', '05', 'F05', 45.00, 106.00, 'seat', 'active', 1, '2026-04-01 23:17:19.955', NULL, NULL, false);
INSERT INTO ticketing.venue_seat (seat_id, venue_id, section_id, seat_code, row_label, seat_number, seat_label, x_pos, y_pos, seat_type, status, created_by, created_at, updated_by, updated_at, is_deleted) VALUES (18405, 5, 19, 'STDA_G05', 'G', '05', 'G05', 45.00, 118.00, 'seat', 'active', 1, '2026-04-01 23:17:19.955', NULL, NULL, false);
INSERT INTO ticketing.venue_seat (seat_id, venue_id, section_id, seat_code, row_label, seat_number, seat_label, x_pos, y_pos, seat_type, status, created_by, created_at, updated_by, updated_at, is_deleted) VALUES (2106, 1, 3, 'STDA_D06', 'D', '06', 'D06', 54.00, 82.00, 'seat', 'active', 1, '2026-04-01 23:17:19.955', NULL, NULL, false);
INSERT INTO ticketing.venue_seat (seat_id, venue_id, section_id, seat_code, row_label, seat_number, seat_label, x_pos, y_pos, seat_type, status, created_by, created_at, updated_by, updated_at, is_deleted) VALUES (2206, 1, 3, 'STDA_E06', 'E', '06', 'E06', 54.00, 94.00, 'seat', 'active', 1, '2026-04-01 23:17:19.955', NULL, NULL, false);
INSERT INTO ticketing.venue_seat (seat_id, venue_id, section_id, seat_code, row_label, seat_number, seat_label, x_pos, y_pos, seat_type, status, created_by, created_at, updated_by, updated_at, is_deleted) VALUES (2306, 1, 3, 'STDA_F06', 'F', '06', 'F06', 54.00, 106.00, 'seat', 'active', 1, '2026-04-01 23:17:19.955', NULL, NULL, false);
INSERT INTO ticketing.venue_seat (seat_id, venue_id, section_id, seat_code, row_label, seat_number, seat_label, x_pos, y_pos, seat_type, status, created_by, created_at, updated_by, updated_at, is_deleted) VALUES (2406, 1, 3, 'STDA_G06', 'G', '06', 'G06', 54.00, 118.00, 'seat', 'active', 1, '2026-04-01 23:17:19.955', NULL, NULL, false);
INSERT INTO ticketing.venue_seat (seat_id, venue_id, section_id, seat_code, row_label, seat_number, seat_label, x_pos, y_pos, seat_type, status, created_by, created_at, updated_by, updated_at, is_deleted) VALUES (6106, 2, 7, 'STDA_D06', 'D', '06', 'D06', 54.00, 82.00, 'seat', 'active', 1, '2026-04-01 23:17:19.955', NULL, NULL, false);
INSERT INTO ticketing.venue_seat (seat_id, venue_id, section_id, seat_code, row_label, seat_number, seat_label, x_pos, y_pos, seat_type, status, created_by, created_at, updated_by, updated_at, is_deleted) VALUES (6206, 2, 7, 'STDA_E06', 'E', '06', 'E06', 54.00, 94.00, 'seat', 'active', 1, '2026-04-01 23:17:19.955', NULL, NULL, false);
INSERT INTO ticketing.venue_seat (seat_id, venue_id, section_id, seat_code, row_label, seat_number, seat_label, x_pos, y_pos, seat_type, status, created_by, created_at, updated_by, updated_at, is_deleted) VALUES (6306, 2, 7, 'STDA_F06', 'F', '06', 'F06', 54.00, 106.00, 'seat', 'active', 1, '2026-04-01 23:17:19.955', NULL, NULL, false);
INSERT INTO ticketing.venue_seat (seat_id, venue_id, section_id, seat_code, row_label, seat_number, seat_label, x_pos, y_pos, seat_type, status, created_by, created_at, updated_by, updated_at, is_deleted) VALUES (6406, 2, 7, 'STDA_G06', 'G', '06', 'G06', 54.00, 118.00, 'seat', 'active', 1, '2026-04-01 23:17:19.955', NULL, NULL, false);
INSERT INTO ticketing.venue_seat (seat_id, venue_id, section_id, seat_code, row_label, seat_number, seat_label, x_pos, y_pos, seat_type, status, created_by, created_at, updated_by, updated_at, is_deleted) VALUES (10106, 3, 11, 'STDA_D06', 'D', '06', 'D06', 54.00, 82.00, 'seat', 'active', 1, '2026-04-01 23:17:19.955', NULL, NULL, false);
INSERT INTO ticketing.venue_seat (seat_id, venue_id, section_id, seat_code, row_label, seat_number, seat_label, x_pos, y_pos, seat_type, status, created_by, created_at, updated_by, updated_at, is_deleted) VALUES (10206, 3, 11, 'STDA_E06', 'E', '06', 'E06', 54.00, 94.00, 'seat', 'active', 1, '2026-04-01 23:17:19.955', NULL, NULL, false);
INSERT INTO ticketing.venue_seat (seat_id, venue_id, section_id, seat_code, row_label, seat_number, seat_label, x_pos, y_pos, seat_type, status, created_by, created_at, updated_by, updated_at, is_deleted) VALUES (10306, 3, 11, 'STDA_F06', 'F', '06', 'F06', 54.00, 106.00, 'seat', 'active', 1, '2026-04-01 23:17:19.955', NULL, NULL, false);
INSERT INTO ticketing.venue_seat (seat_id, venue_id, section_id, seat_code, row_label, seat_number, seat_label, x_pos, y_pos, seat_type, status, created_by, created_at, updated_by, updated_at, is_deleted) VALUES (10406, 3, 11, 'STDA_G06', 'G', '06', 'G06', 54.00, 118.00, 'seat', 'active', 1, '2026-04-01 23:17:19.955', NULL, NULL, false);
INSERT INTO ticketing.venue_seat (seat_id, venue_id, section_id, seat_code, row_label, seat_number, seat_label, x_pos, y_pos, seat_type, status, created_by, created_at, updated_by, updated_at, is_deleted) VALUES (14106, 4, 15, 'STDA_D06', 'D', '06', 'D06', 54.00, 82.00, 'seat', 'active', 1, '2026-04-01 23:17:19.955', NULL, NULL, false);
INSERT INTO ticketing.venue_seat (seat_id, venue_id, section_id, seat_code, row_label, seat_number, seat_label, x_pos, y_pos, seat_type, status, created_by, created_at, updated_by, updated_at, is_deleted) VALUES (14206, 4, 15, 'STDA_E06', 'E', '06', 'E06', 54.00, 94.00, 'seat', 'active', 1, '2026-04-01 23:17:19.955', NULL, NULL, false);
INSERT INTO ticketing.venue_seat (seat_id, venue_id, section_id, seat_code, row_label, seat_number, seat_label, x_pos, y_pos, seat_type, status, created_by, created_at, updated_by, updated_at, is_deleted) VALUES (14306, 4, 15, 'STDA_F06', 'F', '06', 'F06', 54.00, 106.00, 'seat', 'active', 1, '2026-04-01 23:17:19.955', NULL, NULL, false);
INSERT INTO ticketing.venue_seat (seat_id, venue_id, section_id, seat_code, row_label, seat_number, seat_label, x_pos, y_pos, seat_type, status, created_by, created_at, updated_by, updated_at, is_deleted) VALUES (14406, 4, 15, 'STDA_G06', 'G', '06', 'G06', 54.00, 118.00, 'seat', 'active', 1, '2026-04-01 23:17:19.955', NULL, NULL, false);
INSERT INTO ticketing.venue_seat (seat_id, venue_id, section_id, seat_code, row_label, seat_number, seat_label, x_pos, y_pos, seat_type, status, created_by, created_at, updated_by, updated_at, is_deleted) VALUES (18106, 5, 19, 'STDA_D06', 'D', '06', 'D06', 54.00, 82.00, 'seat', 'active', 1, '2026-04-01 23:17:19.955', NULL, NULL, false);
INSERT INTO ticketing.venue_seat (seat_id, venue_id, section_id, seat_code, row_label, seat_number, seat_label, x_pos, y_pos, seat_type, status, created_by, created_at, updated_by, updated_at, is_deleted) VALUES (18206, 5, 19, 'STDA_E06', 'E', '06', 'E06', 54.00, 94.00, 'seat', 'active', 1, '2026-04-01 23:17:19.955', NULL, NULL, false);
INSERT INTO ticketing.venue_seat (seat_id, venue_id, section_id, seat_code, row_label, seat_number, seat_label, x_pos, y_pos, seat_type, status, created_by, created_at, updated_by, updated_at, is_deleted) VALUES (18306, 5, 19, 'STDA_F06', 'F', '06', 'F06', 54.00, 106.00, 'seat', 'active', 1, '2026-04-01 23:17:19.955', NULL, NULL, false);
INSERT INTO ticketing.venue_seat (seat_id, venue_id, section_id, seat_code, row_label, seat_number, seat_label, x_pos, y_pos, seat_type, status, created_by, created_at, updated_by, updated_at, is_deleted) VALUES (18406, 5, 19, 'STDA_G06', 'G', '06', 'G06', 54.00, 118.00, 'seat', 'active', 1, '2026-04-01 23:17:19.955', NULL, NULL, false);
INSERT INTO ticketing.venue_seat (seat_id, venue_id, section_id, seat_code, row_label, seat_number, seat_label, x_pos, y_pos, seat_type, status, created_by, created_at, updated_by, updated_at, is_deleted) VALUES (2107, 1, 3, 'STDA_D07', 'D', '07', 'D07', 63.00, 82.00, 'seat', 'active', 1, '2026-04-01 23:17:19.955', NULL, NULL, false);
INSERT INTO ticketing.venue_seat (seat_id, venue_id, section_id, seat_code, row_label, seat_number, seat_label, x_pos, y_pos, seat_type, status, created_by, created_at, updated_by, updated_at, is_deleted) VALUES (2207, 1, 3, 'STDA_E07', 'E', '07', 'E07', 63.00, 94.00, 'seat', 'active', 1, '2026-04-01 23:17:19.955', NULL, NULL, false);
INSERT INTO ticketing.venue_seat (seat_id, venue_id, section_id, seat_code, row_label, seat_number, seat_label, x_pos, y_pos, seat_type, status, created_by, created_at, updated_by, updated_at, is_deleted) VALUES (2307, 1, 3, 'STDA_F07', 'F', '07', 'F07', 63.00, 106.00, 'seat', 'active', 1, '2026-04-01 23:17:19.955', NULL, NULL, false);
INSERT INTO ticketing.venue_seat (seat_id, venue_id, section_id, seat_code, row_label, seat_number, seat_label, x_pos, y_pos, seat_type, status, created_by, created_at, updated_by, updated_at, is_deleted) VALUES (2407, 1, 3, 'STDA_G07', 'G', '07', 'G07', 63.00, 118.00, 'seat', 'active', 1, '2026-04-01 23:17:19.955', NULL, NULL, false);
INSERT INTO ticketing.venue_seat (seat_id, venue_id, section_id, seat_code, row_label, seat_number, seat_label, x_pos, y_pos, seat_type, status, created_by, created_at, updated_by, updated_at, is_deleted) VALUES (6107, 2, 7, 'STDA_D07', 'D', '07', 'D07', 63.00, 82.00, 'seat', 'active', 1, '2026-04-01 23:17:19.955', NULL, NULL, false);
INSERT INTO ticketing.venue_seat (seat_id, venue_id, section_id, seat_code, row_label, seat_number, seat_label, x_pos, y_pos, seat_type, status, created_by, created_at, updated_by, updated_at, is_deleted) VALUES (6207, 2, 7, 'STDA_E07', 'E', '07', 'E07', 63.00, 94.00, 'seat', 'active', 1, '2026-04-01 23:17:19.955', NULL, NULL, false);
INSERT INTO ticketing.venue_seat (seat_id, venue_id, section_id, seat_code, row_label, seat_number, seat_label, x_pos, y_pos, seat_type, status, created_by, created_at, updated_by, updated_at, is_deleted) VALUES (6307, 2, 7, 'STDA_F07', 'F', '07', 'F07', 63.00, 106.00, 'seat', 'active', 1, '2026-04-01 23:17:19.955', NULL, NULL, false);
INSERT INTO ticketing.venue_seat (seat_id, venue_id, section_id, seat_code, row_label, seat_number, seat_label, x_pos, y_pos, seat_type, status, created_by, created_at, updated_by, updated_at, is_deleted) VALUES (6407, 2, 7, 'STDA_G07', 'G', '07', 'G07', 63.00, 118.00, 'seat', 'active', 1, '2026-04-01 23:17:19.955', NULL, NULL, false);
INSERT INTO ticketing.venue_seat (seat_id, venue_id, section_id, seat_code, row_label, seat_number, seat_label, x_pos, y_pos, seat_type, status, created_by, created_at, updated_by, updated_at, is_deleted) VALUES (10107, 3, 11, 'STDA_D07', 'D', '07', 'D07', 63.00, 82.00, 'seat', 'active', 1, '2026-04-01 23:17:19.955', NULL, NULL, false);
INSERT INTO ticketing.venue_seat (seat_id, venue_id, section_id, seat_code, row_label, seat_number, seat_label, x_pos, y_pos, seat_type, status, created_by, created_at, updated_by, updated_at, is_deleted) VALUES (10207, 3, 11, 'STDA_E07', 'E', '07', 'E07', 63.00, 94.00, 'seat', 'active', 1, '2026-04-01 23:17:19.955', NULL, NULL, false);
INSERT INTO ticketing.venue_seat (seat_id, venue_id, section_id, seat_code, row_label, seat_number, seat_label, x_pos, y_pos, seat_type, status, created_by, created_at, updated_by, updated_at, is_deleted) VALUES (10307, 3, 11, 'STDA_F07', 'F', '07', 'F07', 63.00, 106.00, 'seat', 'active', 1, '2026-04-01 23:17:19.955', NULL, NULL, false);
INSERT INTO ticketing.venue_seat (seat_id, venue_id, section_id, seat_code, row_label, seat_number, seat_label, x_pos, y_pos, seat_type, status, created_by, created_at, updated_by, updated_at, is_deleted) VALUES (10407, 3, 11, 'STDA_G07', 'G', '07', 'G07', 63.00, 118.00, 'seat', 'active', 1, '2026-04-01 23:17:19.955', NULL, NULL, false);
INSERT INTO ticketing.venue_seat (seat_id, venue_id, section_id, seat_code, row_label, seat_number, seat_label, x_pos, y_pos, seat_type, status, created_by, created_at, updated_by, updated_at, is_deleted) VALUES (14107, 4, 15, 'STDA_D07', 'D', '07', 'D07', 63.00, 82.00, 'seat', 'active', 1, '2026-04-01 23:17:19.955', NULL, NULL, false);
INSERT INTO ticketing.venue_seat (seat_id, venue_id, section_id, seat_code, row_label, seat_number, seat_label, x_pos, y_pos, seat_type, status, created_by, created_at, updated_by, updated_at, is_deleted) VALUES (14207, 4, 15, 'STDA_E07', 'E', '07', 'E07', 63.00, 94.00, 'seat', 'active', 1, '2026-04-01 23:17:19.955', NULL, NULL, false);
INSERT INTO ticketing.venue_seat (seat_id, venue_id, section_id, seat_code, row_label, seat_number, seat_label, x_pos, y_pos, seat_type, status, created_by, created_at, updated_by, updated_at, is_deleted) VALUES (14307, 4, 15, 'STDA_F07', 'F', '07', 'F07', 63.00, 106.00, 'seat', 'active', 1, '2026-04-01 23:17:19.955', NULL, NULL, false);
INSERT INTO ticketing.venue_seat (seat_id, venue_id, section_id, seat_code, row_label, seat_number, seat_label, x_pos, y_pos, seat_type, status, created_by, created_at, updated_by, updated_at, is_deleted) VALUES (14407, 4, 15, 'STDA_G07', 'G', '07', 'G07', 63.00, 118.00, 'seat', 'active', 1, '2026-04-01 23:17:19.955', NULL, NULL, false);
INSERT INTO ticketing.venue_seat (seat_id, venue_id, section_id, seat_code, row_label, seat_number, seat_label, x_pos, y_pos, seat_type, status, created_by, created_at, updated_by, updated_at, is_deleted) VALUES (18107, 5, 19, 'STDA_D07', 'D', '07', 'D07', 63.00, 82.00, 'seat', 'active', 1, '2026-04-01 23:17:19.955', NULL, NULL, false);
INSERT INTO ticketing.venue_seat (seat_id, venue_id, section_id, seat_code, row_label, seat_number, seat_label, x_pos, y_pos, seat_type, status, created_by, created_at, updated_by, updated_at, is_deleted) VALUES (18207, 5, 19, 'STDA_E07', 'E', '07', 'E07', 63.00, 94.00, 'seat', 'active', 1, '2026-04-01 23:17:19.955', NULL, NULL, false);
INSERT INTO ticketing.venue_seat (seat_id, venue_id, section_id, seat_code, row_label, seat_number, seat_label, x_pos, y_pos, seat_type, status, created_by, created_at, updated_by, updated_at, is_deleted) VALUES (18307, 5, 19, 'STDA_F07', 'F', '07', 'F07', 63.00, 106.00, 'seat', 'active', 1, '2026-04-01 23:17:19.955', NULL, NULL, false);
INSERT INTO ticketing.venue_seat (seat_id, venue_id, section_id, seat_code, row_label, seat_number, seat_label, x_pos, y_pos, seat_type, status, created_by, created_at, updated_by, updated_at, is_deleted) VALUES (18407, 5, 19, 'STDA_G07', 'G', '07', 'G07', 63.00, 118.00, 'seat', 'active', 1, '2026-04-01 23:17:19.955', NULL, NULL, false);
INSERT INTO ticketing.venue_seat (seat_id, venue_id, section_id, seat_code, row_label, seat_number, seat_label, x_pos, y_pos, seat_type, status, created_by, created_at, updated_by, updated_at, is_deleted) VALUES (2108, 1, 3, 'STDA_D08', 'D', '08', 'D08', 72.00, 82.00, 'seat', 'active', 1, '2026-04-01 23:17:19.955', NULL, NULL, false);
INSERT INTO ticketing.venue_seat (seat_id, venue_id, section_id, seat_code, row_label, seat_number, seat_label, x_pos, y_pos, seat_type, status, created_by, created_at, updated_by, updated_at, is_deleted) VALUES (2208, 1, 3, 'STDA_E08', 'E', '08', 'E08', 72.00, 94.00, 'seat', 'active', 1, '2026-04-01 23:17:19.955', NULL, NULL, false);
INSERT INTO ticketing.venue_seat (seat_id, venue_id, section_id, seat_code, row_label, seat_number, seat_label, x_pos, y_pos, seat_type, status, created_by, created_at, updated_by, updated_at, is_deleted) VALUES (2308, 1, 3, 'STDA_F08', 'F', '08', 'F08', 72.00, 106.00, 'seat', 'active', 1, '2026-04-01 23:17:19.955', NULL, NULL, false);
INSERT INTO ticketing.venue_seat (seat_id, venue_id, section_id, seat_code, row_label, seat_number, seat_label, x_pos, y_pos, seat_type, status, created_by, created_at, updated_by, updated_at, is_deleted) VALUES (2408, 1, 3, 'STDA_G08', 'G', '08', 'G08', 72.00, 118.00, 'seat', 'active', 1, '2026-04-01 23:17:19.955', NULL, NULL, false);
INSERT INTO ticketing.venue_seat (seat_id, venue_id, section_id, seat_code, row_label, seat_number, seat_label, x_pos, y_pos, seat_type, status, created_by, created_at, updated_by, updated_at, is_deleted) VALUES (6108, 2, 7, 'STDA_D08', 'D', '08', 'D08', 72.00, 82.00, 'seat', 'active', 1, '2026-04-01 23:17:19.955', NULL, NULL, false);
INSERT INTO ticketing.venue_seat (seat_id, venue_id, section_id, seat_code, row_label, seat_number, seat_label, x_pos, y_pos, seat_type, status, created_by, created_at, updated_by, updated_at, is_deleted) VALUES (6208, 2, 7, 'STDA_E08', 'E', '08', 'E08', 72.00, 94.00, 'seat', 'active', 1, '2026-04-01 23:17:19.955', NULL, NULL, false);
INSERT INTO ticketing.venue_seat (seat_id, venue_id, section_id, seat_code, row_label, seat_number, seat_label, x_pos, y_pos, seat_type, status, created_by, created_at, updated_by, updated_at, is_deleted) VALUES (6308, 2, 7, 'STDA_F08', 'F', '08', 'F08', 72.00, 106.00, 'seat', 'active', 1, '2026-04-01 23:17:19.955', NULL, NULL, false);
INSERT INTO ticketing.venue_seat (seat_id, venue_id, section_id, seat_code, row_label, seat_number, seat_label, x_pos, y_pos, seat_type, status, created_by, created_at, updated_by, updated_at, is_deleted) VALUES (6408, 2, 7, 'STDA_G08', 'G', '08', 'G08', 72.00, 118.00, 'seat', 'active', 1, '2026-04-01 23:17:19.955', NULL, NULL, false);
INSERT INTO ticketing.venue_seat (seat_id, venue_id, section_id, seat_code, row_label, seat_number, seat_label, x_pos, y_pos, seat_type, status, created_by, created_at, updated_by, updated_at, is_deleted) VALUES (10108, 3, 11, 'STDA_D08', 'D', '08', 'D08', 72.00, 82.00, 'seat', 'active', 1, '2026-04-01 23:17:19.955', NULL, NULL, false);
INSERT INTO ticketing.venue_seat (seat_id, venue_id, section_id, seat_code, row_label, seat_number, seat_label, x_pos, y_pos, seat_type, status, created_by, created_at, updated_by, updated_at, is_deleted) VALUES (10208, 3, 11, 'STDA_E08', 'E', '08', 'E08', 72.00, 94.00, 'seat', 'active', 1, '2026-04-01 23:17:19.955', NULL, NULL, false);
INSERT INTO ticketing.venue_seat (seat_id, venue_id, section_id, seat_code, row_label, seat_number, seat_label, x_pos, y_pos, seat_type, status, created_by, created_at, updated_by, updated_at, is_deleted) VALUES (10308, 3, 11, 'STDA_F08', 'F', '08', 'F08', 72.00, 106.00, 'seat', 'active', 1, '2026-04-01 23:17:19.955', NULL, NULL, false);
INSERT INTO ticketing.venue_seat (seat_id, venue_id, section_id, seat_code, row_label, seat_number, seat_label, x_pos, y_pos, seat_type, status, created_by, created_at, updated_by, updated_at, is_deleted) VALUES (10408, 3, 11, 'STDA_G08', 'G', '08', 'G08', 72.00, 118.00, 'seat', 'active', 1, '2026-04-01 23:17:19.955', NULL, NULL, false);
INSERT INTO ticketing.venue_seat (seat_id, venue_id, section_id, seat_code, row_label, seat_number, seat_label, x_pos, y_pos, seat_type, status, created_by, created_at, updated_by, updated_at, is_deleted) VALUES (14108, 4, 15, 'STDA_D08', 'D', '08', 'D08', 72.00, 82.00, 'seat', 'active', 1, '2026-04-01 23:17:19.955', NULL, NULL, false);
INSERT INTO ticketing.venue_seat (seat_id, venue_id, section_id, seat_code, row_label, seat_number, seat_label, x_pos, y_pos, seat_type, status, created_by, created_at, updated_by, updated_at, is_deleted) VALUES (14208, 4, 15, 'STDA_E08', 'E', '08', 'E08', 72.00, 94.00, 'seat', 'active', 1, '2026-04-01 23:17:19.955', NULL, NULL, false);
INSERT INTO ticketing.venue_seat (seat_id, venue_id, section_id, seat_code, row_label, seat_number, seat_label, x_pos, y_pos, seat_type, status, created_by, created_at, updated_by, updated_at, is_deleted) VALUES (14308, 4, 15, 'STDA_F08', 'F', '08', 'F08', 72.00, 106.00, 'seat', 'active', 1, '2026-04-01 23:17:19.955', NULL, NULL, false);
INSERT INTO ticketing.venue_seat (seat_id, venue_id, section_id, seat_code, row_label, seat_number, seat_label, x_pos, y_pos, seat_type, status, created_by, created_at, updated_by, updated_at, is_deleted) VALUES (14408, 4, 15, 'STDA_G08', 'G', '08', 'G08', 72.00, 118.00, 'seat', 'active', 1, '2026-04-01 23:17:19.955', NULL, NULL, false);
INSERT INTO ticketing.venue_seat (seat_id, venue_id, section_id, seat_code, row_label, seat_number, seat_label, x_pos, y_pos, seat_type, status, created_by, created_at, updated_by, updated_at, is_deleted) VALUES (18108, 5, 19, 'STDA_D08', 'D', '08', 'D08', 72.00, 82.00, 'seat', 'active', 1, '2026-04-01 23:17:19.955', NULL, NULL, false);
INSERT INTO ticketing.venue_seat (seat_id, venue_id, section_id, seat_code, row_label, seat_number, seat_label, x_pos, y_pos, seat_type, status, created_by, created_at, updated_by, updated_at, is_deleted) VALUES (18208, 5, 19, 'STDA_E08', 'E', '08', 'E08', 72.00, 94.00, 'seat', 'active', 1, '2026-04-01 23:17:19.955', NULL, NULL, false);
INSERT INTO ticketing.venue_seat (seat_id, venue_id, section_id, seat_code, row_label, seat_number, seat_label, x_pos, y_pos, seat_type, status, created_by, created_at, updated_by, updated_at, is_deleted) VALUES (18308, 5, 19, 'STDA_F08', 'F', '08', 'F08', 72.00, 106.00, 'seat', 'active', 1, '2026-04-01 23:17:19.955', NULL, NULL, false);
INSERT INTO ticketing.venue_seat (seat_id, venue_id, section_id, seat_code, row_label, seat_number, seat_label, x_pos, y_pos, seat_type, status, created_by, created_at, updated_by, updated_at, is_deleted) VALUES (18408, 5, 19, 'STDA_G08', 'G', '08', 'G08', 72.00, 118.00, 'seat', 'active', 1, '2026-04-01 23:17:19.955', NULL, NULL, false);
INSERT INTO ticketing.venue_seat (seat_id, venue_id, section_id, seat_code, row_label, seat_number, seat_label, x_pos, y_pos, seat_type, status, created_by, created_at, updated_by, updated_at, is_deleted) VALUES (3101, 1, 4, 'STDB_D01', 'D', '01', 'D01', 129.00, 82.00, 'seat', 'active', 1, '2026-04-01 23:17:19.955', NULL, NULL, false);
INSERT INTO ticketing.venue_seat (seat_id, venue_id, section_id, seat_code, row_label, seat_number, seat_label, x_pos, y_pos, seat_type, status, created_by, created_at, updated_by, updated_at, is_deleted) VALUES (3201, 1, 4, 'STDB_E01', 'E', '01', 'E01', 129.00, 94.00, 'seat', 'active', 1, '2026-04-01 23:17:19.955', NULL, NULL, false);
INSERT INTO ticketing.venue_seat (seat_id, venue_id, section_id, seat_code, row_label, seat_number, seat_label, x_pos, y_pos, seat_type, status, created_by, created_at, updated_by, updated_at, is_deleted) VALUES (3301, 1, 4, 'STDB_F01', 'F', '01', 'F01', 129.00, 106.00, 'seat', 'active', 1, '2026-04-01 23:17:19.955', NULL, NULL, false);
INSERT INTO ticketing.venue_seat (seat_id, venue_id, section_id, seat_code, row_label, seat_number, seat_label, x_pos, y_pos, seat_type, status, created_by, created_at, updated_by, updated_at, is_deleted) VALUES (3401, 1, 4, 'STDB_G01', 'G', '01', 'G01', 129.00, 118.00, 'seat', 'active', 1, '2026-04-01 23:17:19.955', NULL, NULL, false);
INSERT INTO ticketing.venue_seat (seat_id, venue_id, section_id, seat_code, row_label, seat_number, seat_label, x_pos, y_pos, seat_type, status, created_by, created_at, updated_by, updated_at, is_deleted) VALUES (7101, 2, 8, 'STDB_D01', 'D', '01', 'D01', 129.00, 82.00, 'seat', 'active', 1, '2026-04-01 23:17:19.955', NULL, NULL, false);
INSERT INTO ticketing.venue_seat (seat_id, venue_id, section_id, seat_code, row_label, seat_number, seat_label, x_pos, y_pos, seat_type, status, created_by, created_at, updated_by, updated_at, is_deleted) VALUES (7201, 2, 8, 'STDB_E01', 'E', '01', 'E01', 129.00, 94.00, 'seat', 'active', 1, '2026-04-01 23:17:19.955', NULL, NULL, false);
INSERT INTO ticketing.venue_seat (seat_id, venue_id, section_id, seat_code, row_label, seat_number, seat_label, x_pos, y_pos, seat_type, status, created_by, created_at, updated_by, updated_at, is_deleted) VALUES (7301, 2, 8, 'STDB_F01', 'F', '01', 'F01', 129.00, 106.00, 'seat', 'active', 1, '2026-04-01 23:17:19.955', NULL, NULL, false);
INSERT INTO ticketing.venue_seat (seat_id, venue_id, section_id, seat_code, row_label, seat_number, seat_label, x_pos, y_pos, seat_type, status, created_by, created_at, updated_by, updated_at, is_deleted) VALUES (7401, 2, 8, 'STDB_G01', 'G', '01', 'G01', 129.00, 118.00, 'seat', 'active', 1, '2026-04-01 23:17:19.955', NULL, NULL, false);
INSERT INTO ticketing.venue_seat (seat_id, venue_id, section_id, seat_code, row_label, seat_number, seat_label, x_pos, y_pos, seat_type, status, created_by, created_at, updated_by, updated_at, is_deleted) VALUES (11101, 3, 12, 'STDB_D01', 'D', '01', 'D01', 129.00, 82.00, 'seat', 'active', 1, '2026-04-01 23:17:19.955', NULL, NULL, false);
INSERT INTO ticketing.venue_seat (seat_id, venue_id, section_id, seat_code, row_label, seat_number, seat_label, x_pos, y_pos, seat_type, status, created_by, created_at, updated_by, updated_at, is_deleted) VALUES (11201, 3, 12, 'STDB_E01', 'E', '01', 'E01', 129.00, 94.00, 'seat', 'active', 1, '2026-04-01 23:17:19.955', NULL, NULL, false);
INSERT INTO ticketing.venue_seat (seat_id, venue_id, section_id, seat_code, row_label, seat_number, seat_label, x_pos, y_pos, seat_type, status, created_by, created_at, updated_by, updated_at, is_deleted) VALUES (11301, 3, 12, 'STDB_F01', 'F', '01', 'F01', 129.00, 106.00, 'seat', 'active', 1, '2026-04-01 23:17:19.955', NULL, NULL, false);
INSERT INTO ticketing.venue_seat (seat_id, venue_id, section_id, seat_code, row_label, seat_number, seat_label, x_pos, y_pos, seat_type, status, created_by, created_at, updated_by, updated_at, is_deleted) VALUES (11401, 3, 12, 'STDB_G01', 'G', '01', 'G01', 129.00, 118.00, 'seat', 'active', 1, '2026-04-01 23:17:19.955', NULL, NULL, false);
INSERT INTO ticketing.venue_seat (seat_id, venue_id, section_id, seat_code, row_label, seat_number, seat_label, x_pos, y_pos, seat_type, status, created_by, created_at, updated_by, updated_at, is_deleted) VALUES (15101, 4, 16, 'STDB_D01', 'D', '01', 'D01', 129.00, 82.00, 'seat', 'active', 1, '2026-04-01 23:17:19.955', NULL, NULL, false);
INSERT INTO ticketing.venue_seat (seat_id, venue_id, section_id, seat_code, row_label, seat_number, seat_label, x_pos, y_pos, seat_type, status, created_by, created_at, updated_by, updated_at, is_deleted) VALUES (15201, 4, 16, 'STDB_E01', 'E', '01', 'E01', 129.00, 94.00, 'seat', 'active', 1, '2026-04-01 23:17:19.955', NULL, NULL, false);
INSERT INTO ticketing.venue_seat (seat_id, venue_id, section_id, seat_code, row_label, seat_number, seat_label, x_pos, y_pos, seat_type, status, created_by, created_at, updated_by, updated_at, is_deleted) VALUES (15301, 4, 16, 'STDB_F01', 'F', '01', 'F01', 129.00, 106.00, 'seat', 'active', 1, '2026-04-01 23:17:19.955', NULL, NULL, false);
INSERT INTO ticketing.venue_seat (seat_id, venue_id, section_id, seat_code, row_label, seat_number, seat_label, x_pos, y_pos, seat_type, status, created_by, created_at, updated_by, updated_at, is_deleted) VALUES (15401, 4, 16, 'STDB_G01', 'G', '01', 'G01', 129.00, 118.00, 'seat', 'active', 1, '2026-04-01 23:17:19.955', NULL, NULL, false);
INSERT INTO ticketing.venue_seat (seat_id, venue_id, section_id, seat_code, row_label, seat_number, seat_label, x_pos, y_pos, seat_type, status, created_by, created_at, updated_by, updated_at, is_deleted) VALUES (19101, 5, 20, 'STDB_D01', 'D', '01', 'D01', 129.00, 82.00, 'seat', 'active', 1, '2026-04-01 23:17:19.955', NULL, NULL, false);
INSERT INTO ticketing.venue_seat (seat_id, venue_id, section_id, seat_code, row_label, seat_number, seat_label, x_pos, y_pos, seat_type, status, created_by, created_at, updated_by, updated_at, is_deleted) VALUES (19201, 5, 20, 'STDB_E01', 'E', '01', 'E01', 129.00, 94.00, 'seat', 'active', 1, '2026-04-01 23:17:19.955', NULL, NULL, false);
INSERT INTO ticketing.venue_seat (seat_id, venue_id, section_id, seat_code, row_label, seat_number, seat_label, x_pos, y_pos, seat_type, status, created_by, created_at, updated_by, updated_at, is_deleted) VALUES (19301, 5, 20, 'STDB_F01', 'F', '01', 'F01', 129.00, 106.00, 'seat', 'active', 1, '2026-04-01 23:17:19.955', NULL, NULL, false);
INSERT INTO ticketing.venue_seat (seat_id, venue_id, section_id, seat_code, row_label, seat_number, seat_label, x_pos, y_pos, seat_type, status, created_by, created_at, updated_by, updated_at, is_deleted) VALUES (19401, 5, 20, 'STDB_G01', 'G', '01', 'G01', 129.00, 118.00, 'seat', 'active', 1, '2026-04-01 23:17:19.955', NULL, NULL, false);
INSERT INTO ticketing.venue_seat (seat_id, venue_id, section_id, seat_code, row_label, seat_number, seat_label, x_pos, y_pos, seat_type, status, created_by, created_at, updated_by, updated_at, is_deleted) VALUES (3102, 1, 4, 'STDB_D02', 'D', '02', 'D02', 138.00, 82.00, 'seat', 'active', 1, '2026-04-01 23:17:19.955', NULL, NULL, false);
INSERT INTO ticketing.venue_seat (seat_id, venue_id, section_id, seat_code, row_label, seat_number, seat_label, x_pos, y_pos, seat_type, status, created_by, created_at, updated_by, updated_at, is_deleted) VALUES (3202, 1, 4, 'STDB_E02', 'E', '02', 'E02', 138.00, 94.00, 'seat', 'active', 1, '2026-04-01 23:17:19.955', NULL, NULL, false);
INSERT INTO ticketing.venue_seat (seat_id, venue_id, section_id, seat_code, row_label, seat_number, seat_label, x_pos, y_pos, seat_type, status, created_by, created_at, updated_by, updated_at, is_deleted) VALUES (3302, 1, 4, 'STDB_F02', 'F', '02', 'F02', 138.00, 106.00, 'seat', 'active', 1, '2026-04-01 23:17:19.955', NULL, NULL, false);
INSERT INTO ticketing.venue_seat (seat_id, venue_id, section_id, seat_code, row_label, seat_number, seat_label, x_pos, y_pos, seat_type, status, created_by, created_at, updated_by, updated_at, is_deleted) VALUES (3402, 1, 4, 'STDB_G02', 'G', '02', 'G02', 138.00, 118.00, 'seat', 'active', 1, '2026-04-01 23:17:19.955', NULL, NULL, false);
INSERT INTO ticketing.venue_seat (seat_id, venue_id, section_id, seat_code, row_label, seat_number, seat_label, x_pos, y_pos, seat_type, status, created_by, created_at, updated_by, updated_at, is_deleted) VALUES (7102, 2, 8, 'STDB_D02', 'D', '02', 'D02', 138.00, 82.00, 'seat', 'active', 1, '2026-04-01 23:17:19.955', NULL, NULL, false);
INSERT INTO ticketing.venue_seat (seat_id, venue_id, section_id, seat_code, row_label, seat_number, seat_label, x_pos, y_pos, seat_type, status, created_by, created_at, updated_by, updated_at, is_deleted) VALUES (7202, 2, 8, 'STDB_E02', 'E', '02', 'E02', 138.00, 94.00, 'seat', 'active', 1, '2026-04-01 23:17:19.955', NULL, NULL, false);
INSERT INTO ticketing.venue_seat (seat_id, venue_id, section_id, seat_code, row_label, seat_number, seat_label, x_pos, y_pos, seat_type, status, created_by, created_at, updated_by, updated_at, is_deleted) VALUES (7302, 2, 8, 'STDB_F02', 'F', '02', 'F02', 138.00, 106.00, 'seat', 'active', 1, '2026-04-01 23:17:19.955', NULL, NULL, false);
INSERT INTO ticketing.venue_seat (seat_id, venue_id, section_id, seat_code, row_label, seat_number, seat_label, x_pos, y_pos, seat_type, status, created_by, created_at, updated_by, updated_at, is_deleted) VALUES (7402, 2, 8, 'STDB_G02', 'G', '02', 'G02', 138.00, 118.00, 'seat', 'active', 1, '2026-04-01 23:17:19.955', NULL, NULL, false);
INSERT INTO ticketing.venue_seat (seat_id, venue_id, section_id, seat_code, row_label, seat_number, seat_label, x_pos, y_pos, seat_type, status, created_by, created_at, updated_by, updated_at, is_deleted) VALUES (11102, 3, 12, 'STDB_D02', 'D', '02', 'D02', 138.00, 82.00, 'seat', 'active', 1, '2026-04-01 23:17:19.955', NULL, NULL, false);
INSERT INTO ticketing.venue_seat (seat_id, venue_id, section_id, seat_code, row_label, seat_number, seat_label, x_pos, y_pos, seat_type, status, created_by, created_at, updated_by, updated_at, is_deleted) VALUES (11202, 3, 12, 'STDB_E02', 'E', '02', 'E02', 138.00, 94.00, 'seat', 'active', 1, '2026-04-01 23:17:19.955', NULL, NULL, false);
INSERT INTO ticketing.venue_seat (seat_id, venue_id, section_id, seat_code, row_label, seat_number, seat_label, x_pos, y_pos, seat_type, status, created_by, created_at, updated_by, updated_at, is_deleted) VALUES (11302, 3, 12, 'STDB_F02', 'F', '02', 'F02', 138.00, 106.00, 'seat', 'active', 1, '2026-04-01 23:17:19.955', NULL, NULL, false);
INSERT INTO ticketing.venue_seat (seat_id, venue_id, section_id, seat_code, row_label, seat_number, seat_label, x_pos, y_pos, seat_type, status, created_by, created_at, updated_by, updated_at, is_deleted) VALUES (11402, 3, 12, 'STDB_G02', 'G', '02', 'G02', 138.00, 118.00, 'seat', 'active', 1, '2026-04-01 23:17:19.955', NULL, NULL, false);
INSERT INTO ticketing.venue_seat (seat_id, venue_id, section_id, seat_code, row_label, seat_number, seat_label, x_pos, y_pos, seat_type, status, created_by, created_at, updated_by, updated_at, is_deleted) VALUES (15102, 4, 16, 'STDB_D02', 'D', '02', 'D02', 138.00, 82.00, 'seat', 'active', 1, '2026-04-01 23:17:19.955', NULL, NULL, false);
INSERT INTO ticketing.venue_seat (seat_id, venue_id, section_id, seat_code, row_label, seat_number, seat_label, x_pos, y_pos, seat_type, status, created_by, created_at, updated_by, updated_at, is_deleted) VALUES (15202, 4, 16, 'STDB_E02', 'E', '02', 'E02', 138.00, 94.00, 'seat', 'active', 1, '2026-04-01 23:17:19.955', NULL, NULL, false);
INSERT INTO ticketing.venue_seat (seat_id, venue_id, section_id, seat_code, row_label, seat_number, seat_label, x_pos, y_pos, seat_type, status, created_by, created_at, updated_by, updated_at, is_deleted) VALUES (15302, 4, 16, 'STDB_F02', 'F', '02', 'F02', 138.00, 106.00, 'seat', 'active', 1, '2026-04-01 23:17:19.955', NULL, NULL, false);
INSERT INTO ticketing.venue_seat (seat_id, venue_id, section_id, seat_code, row_label, seat_number, seat_label, x_pos, y_pos, seat_type, status, created_by, created_at, updated_by, updated_at, is_deleted) VALUES (15402, 4, 16, 'STDB_G02', 'G', '02', 'G02', 138.00, 118.00, 'seat', 'active', 1, '2026-04-01 23:17:19.955', NULL, NULL, false);
INSERT INTO ticketing.venue_seat (seat_id, venue_id, section_id, seat_code, row_label, seat_number, seat_label, x_pos, y_pos, seat_type, status, created_by, created_at, updated_by, updated_at, is_deleted) VALUES (19102, 5, 20, 'STDB_D02', 'D', '02', 'D02', 138.00, 82.00, 'seat', 'active', 1, '2026-04-01 23:17:19.955', NULL, NULL, false);
INSERT INTO ticketing.venue_seat (seat_id, venue_id, section_id, seat_code, row_label, seat_number, seat_label, x_pos, y_pos, seat_type, status, created_by, created_at, updated_by, updated_at, is_deleted) VALUES (19202, 5, 20, 'STDB_E02', 'E', '02', 'E02', 138.00, 94.00, 'seat', 'active', 1, '2026-04-01 23:17:19.955', NULL, NULL, false);
INSERT INTO ticketing.venue_seat (seat_id, venue_id, section_id, seat_code, row_label, seat_number, seat_label, x_pos, y_pos, seat_type, status, created_by, created_at, updated_by, updated_at, is_deleted) VALUES (19302, 5, 20, 'STDB_F02', 'F', '02', 'F02', 138.00, 106.00, 'seat', 'active', 1, '2026-04-01 23:17:19.955', NULL, NULL, false);
INSERT INTO ticketing.venue_seat (seat_id, venue_id, section_id, seat_code, row_label, seat_number, seat_label, x_pos, y_pos, seat_type, status, created_by, created_at, updated_by, updated_at, is_deleted) VALUES (19402, 5, 20, 'STDB_G02', 'G', '02', 'G02', 138.00, 118.00, 'seat', 'active', 1, '2026-04-01 23:17:19.955', NULL, NULL, false);
INSERT INTO ticketing.venue_seat (seat_id, venue_id, section_id, seat_code, row_label, seat_number, seat_label, x_pos, y_pos, seat_type, status, created_by, created_at, updated_by, updated_at, is_deleted) VALUES (3103, 1, 4, 'STDB_D03', 'D', '03', 'D03', 147.00, 82.00, 'seat', 'active', 1, '2026-04-01 23:17:19.955', NULL, NULL, false);
INSERT INTO ticketing.venue_seat (seat_id, venue_id, section_id, seat_code, row_label, seat_number, seat_label, x_pos, y_pos, seat_type, status, created_by, created_at, updated_by, updated_at, is_deleted) VALUES (3203, 1, 4, 'STDB_E03', 'E', '03', 'E03', 147.00, 94.00, 'seat', 'active', 1, '2026-04-01 23:17:19.955', NULL, NULL, false);
INSERT INTO ticketing.venue_seat (seat_id, venue_id, section_id, seat_code, row_label, seat_number, seat_label, x_pos, y_pos, seat_type, status, created_by, created_at, updated_by, updated_at, is_deleted) VALUES (3303, 1, 4, 'STDB_F03', 'F', '03', 'F03', 147.00, 106.00, 'seat', 'active', 1, '2026-04-01 23:17:19.955', NULL, NULL, false);
INSERT INTO ticketing.venue_seat (seat_id, venue_id, section_id, seat_code, row_label, seat_number, seat_label, x_pos, y_pos, seat_type, status, created_by, created_at, updated_by, updated_at, is_deleted) VALUES (3403, 1, 4, 'STDB_G03', 'G', '03', 'G03', 147.00, 118.00, 'seat', 'active', 1, '2026-04-01 23:17:19.955', NULL, NULL, false);
INSERT INTO ticketing.venue_seat (seat_id, venue_id, section_id, seat_code, row_label, seat_number, seat_label, x_pos, y_pos, seat_type, status, created_by, created_at, updated_by, updated_at, is_deleted) VALUES (7103, 2, 8, 'STDB_D03', 'D', '03', 'D03', 147.00, 82.00, 'seat', 'active', 1, '2026-04-01 23:17:19.955', NULL, NULL, false);
INSERT INTO ticketing.venue_seat (seat_id, venue_id, section_id, seat_code, row_label, seat_number, seat_label, x_pos, y_pos, seat_type, status, created_by, created_at, updated_by, updated_at, is_deleted) VALUES (7203, 2, 8, 'STDB_E03', 'E', '03', 'E03', 147.00, 94.00, 'seat', 'active', 1, '2026-04-01 23:17:19.955', NULL, NULL, false);
INSERT INTO ticketing.venue_seat (seat_id, venue_id, section_id, seat_code, row_label, seat_number, seat_label, x_pos, y_pos, seat_type, status, created_by, created_at, updated_by, updated_at, is_deleted) VALUES (7303, 2, 8, 'STDB_F03', 'F', '03', 'F03', 147.00, 106.00, 'seat', 'active', 1, '2026-04-01 23:17:19.955', NULL, NULL, false);
INSERT INTO ticketing.venue_seat (seat_id, venue_id, section_id, seat_code, row_label, seat_number, seat_label, x_pos, y_pos, seat_type, status, created_by, created_at, updated_by, updated_at, is_deleted) VALUES (7403, 2, 8, 'STDB_G03', 'G', '03', 'G03', 147.00, 118.00, 'seat', 'active', 1, '2026-04-01 23:17:19.955', NULL, NULL, false);
INSERT INTO ticketing.venue_seat (seat_id, venue_id, section_id, seat_code, row_label, seat_number, seat_label, x_pos, y_pos, seat_type, status, created_by, created_at, updated_by, updated_at, is_deleted) VALUES (11103, 3, 12, 'STDB_D03', 'D', '03', 'D03', 147.00, 82.00, 'seat', 'active', 1, '2026-04-01 23:17:19.955', NULL, NULL, false);
INSERT INTO ticketing.venue_seat (seat_id, venue_id, section_id, seat_code, row_label, seat_number, seat_label, x_pos, y_pos, seat_type, status, created_by, created_at, updated_by, updated_at, is_deleted) VALUES (11203, 3, 12, 'STDB_E03', 'E', '03', 'E03', 147.00, 94.00, 'seat', 'active', 1, '2026-04-01 23:17:19.955', NULL, NULL, false);
INSERT INTO ticketing.venue_seat (seat_id, venue_id, section_id, seat_code, row_label, seat_number, seat_label, x_pos, y_pos, seat_type, status, created_by, created_at, updated_by, updated_at, is_deleted) VALUES (11303, 3, 12, 'STDB_F03', 'F', '03', 'F03', 147.00, 106.00, 'seat', 'active', 1, '2026-04-01 23:17:19.955', NULL, NULL, false);
INSERT INTO ticketing.venue_seat (seat_id, venue_id, section_id, seat_code, row_label, seat_number, seat_label, x_pos, y_pos, seat_type, status, created_by, created_at, updated_by, updated_at, is_deleted) VALUES (11403, 3, 12, 'STDB_G03', 'G', '03', 'G03', 147.00, 118.00, 'seat', 'active', 1, '2026-04-01 23:17:19.955', NULL, NULL, false);
INSERT INTO ticketing.venue_seat (seat_id, venue_id, section_id, seat_code, row_label, seat_number, seat_label, x_pos, y_pos, seat_type, status, created_by, created_at, updated_by, updated_at, is_deleted) VALUES (15103, 4, 16, 'STDB_D03', 'D', '03', 'D03', 147.00, 82.00, 'seat', 'active', 1, '2026-04-01 23:17:19.955', NULL, NULL, false);
INSERT INTO ticketing.venue_seat (seat_id, venue_id, section_id, seat_code, row_label, seat_number, seat_label, x_pos, y_pos, seat_type, status, created_by, created_at, updated_by, updated_at, is_deleted) VALUES (15203, 4, 16, 'STDB_E03', 'E', '03', 'E03', 147.00, 94.00, 'seat', 'active', 1, '2026-04-01 23:17:19.955', NULL, NULL, false);
INSERT INTO ticketing.venue_seat (seat_id, venue_id, section_id, seat_code, row_label, seat_number, seat_label, x_pos, y_pos, seat_type, status, created_by, created_at, updated_by, updated_at, is_deleted) VALUES (15303, 4, 16, 'STDB_F03', 'F', '03', 'F03', 147.00, 106.00, 'seat', 'active', 1, '2026-04-01 23:17:19.955', NULL, NULL, false);
INSERT INTO ticketing.venue_seat (seat_id, venue_id, section_id, seat_code, row_label, seat_number, seat_label, x_pos, y_pos, seat_type, status, created_by, created_at, updated_by, updated_at, is_deleted) VALUES (15403, 4, 16, 'STDB_G03', 'G', '03', 'G03', 147.00, 118.00, 'seat', 'active', 1, '2026-04-01 23:17:19.955', NULL, NULL, false);
INSERT INTO ticketing.venue_seat (seat_id, venue_id, section_id, seat_code, row_label, seat_number, seat_label, x_pos, y_pos, seat_type, status, created_by, created_at, updated_by, updated_at, is_deleted) VALUES (19103, 5, 20, 'STDB_D03', 'D', '03', 'D03', 147.00, 82.00, 'seat', 'active', 1, '2026-04-01 23:17:19.955', NULL, NULL, false);
INSERT INTO ticketing.venue_seat (seat_id, venue_id, section_id, seat_code, row_label, seat_number, seat_label, x_pos, y_pos, seat_type, status, created_by, created_at, updated_by, updated_at, is_deleted) VALUES (19203, 5, 20, 'STDB_E03', 'E', '03', 'E03', 147.00, 94.00, 'seat', 'active', 1, '2026-04-01 23:17:19.955', NULL, NULL, false);
INSERT INTO ticketing.venue_seat (seat_id, venue_id, section_id, seat_code, row_label, seat_number, seat_label, x_pos, y_pos, seat_type, status, created_by, created_at, updated_by, updated_at, is_deleted) VALUES (19303, 5, 20, 'STDB_F03', 'F', '03', 'F03', 147.00, 106.00, 'seat', 'active', 1, '2026-04-01 23:17:19.955', NULL, NULL, false);
INSERT INTO ticketing.venue_seat (seat_id, venue_id, section_id, seat_code, row_label, seat_number, seat_label, x_pos, y_pos, seat_type, status, created_by, created_at, updated_by, updated_at, is_deleted) VALUES (19403, 5, 20, 'STDB_G03', 'G', '03', 'G03', 147.00, 118.00, 'seat', 'active', 1, '2026-04-01 23:17:19.955', NULL, NULL, false);
INSERT INTO ticketing.venue_seat (seat_id, venue_id, section_id, seat_code, row_label, seat_number, seat_label, x_pos, y_pos, seat_type, status, created_by, created_at, updated_by, updated_at, is_deleted) VALUES (3104, 1, 4, 'STDB_D04', 'D', '04', 'D04', 156.00, 82.00, 'seat', 'active', 1, '2026-04-01 23:17:19.955', NULL, NULL, false);
INSERT INTO ticketing.venue_seat (seat_id, venue_id, section_id, seat_code, row_label, seat_number, seat_label, x_pos, y_pos, seat_type, status, created_by, created_at, updated_by, updated_at, is_deleted) VALUES (3204, 1, 4, 'STDB_E04', 'E', '04', 'E04', 156.00, 94.00, 'seat', 'active', 1, '2026-04-01 23:17:19.955', NULL, NULL, false);
INSERT INTO ticketing.venue_seat (seat_id, venue_id, section_id, seat_code, row_label, seat_number, seat_label, x_pos, y_pos, seat_type, status, created_by, created_at, updated_by, updated_at, is_deleted) VALUES (3304, 1, 4, 'STDB_F04', 'F', '04', 'F04', 156.00, 106.00, 'seat', 'active', 1, '2026-04-01 23:17:19.955', NULL, NULL, false);
INSERT INTO ticketing.venue_seat (seat_id, venue_id, section_id, seat_code, row_label, seat_number, seat_label, x_pos, y_pos, seat_type, status, created_by, created_at, updated_by, updated_at, is_deleted) VALUES (3404, 1, 4, 'STDB_G04', 'G', '04', 'G04', 156.00, 118.00, 'seat', 'active', 1, '2026-04-01 23:17:19.955', NULL, NULL, false);
INSERT INTO ticketing.venue_seat (seat_id, venue_id, section_id, seat_code, row_label, seat_number, seat_label, x_pos, y_pos, seat_type, status, created_by, created_at, updated_by, updated_at, is_deleted) VALUES (7104, 2, 8, 'STDB_D04', 'D', '04', 'D04', 156.00, 82.00, 'seat', 'active', 1, '2026-04-01 23:17:19.955', NULL, NULL, false);
INSERT INTO ticketing.venue_seat (seat_id, venue_id, section_id, seat_code, row_label, seat_number, seat_label, x_pos, y_pos, seat_type, status, created_by, created_at, updated_by, updated_at, is_deleted) VALUES (7204, 2, 8, 'STDB_E04', 'E', '04', 'E04', 156.00, 94.00, 'seat', 'active', 1, '2026-04-01 23:17:19.955', NULL, NULL, false);
INSERT INTO ticketing.venue_seat (seat_id, venue_id, section_id, seat_code, row_label, seat_number, seat_label, x_pos, y_pos, seat_type, status, created_by, created_at, updated_by, updated_at, is_deleted) VALUES (7304, 2, 8, 'STDB_F04', 'F', '04', 'F04', 156.00, 106.00, 'seat', 'active', 1, '2026-04-01 23:17:19.955', NULL, NULL, false);
INSERT INTO ticketing.venue_seat (seat_id, venue_id, section_id, seat_code, row_label, seat_number, seat_label, x_pos, y_pos, seat_type, status, created_by, created_at, updated_by, updated_at, is_deleted) VALUES (7404, 2, 8, 'STDB_G04', 'G', '04', 'G04', 156.00, 118.00, 'seat', 'active', 1, '2026-04-01 23:17:19.955', NULL, NULL, false);
INSERT INTO ticketing.venue_seat (seat_id, venue_id, section_id, seat_code, row_label, seat_number, seat_label, x_pos, y_pos, seat_type, status, created_by, created_at, updated_by, updated_at, is_deleted) VALUES (11104, 3, 12, 'STDB_D04', 'D', '04', 'D04', 156.00, 82.00, 'seat', 'active', 1, '2026-04-01 23:17:19.955', NULL, NULL, false);
INSERT INTO ticketing.venue_seat (seat_id, venue_id, section_id, seat_code, row_label, seat_number, seat_label, x_pos, y_pos, seat_type, status, created_by, created_at, updated_by, updated_at, is_deleted) VALUES (11204, 3, 12, 'STDB_E04', 'E', '04', 'E04', 156.00, 94.00, 'seat', 'active', 1, '2026-04-01 23:17:19.955', NULL, NULL, false);
INSERT INTO ticketing.venue_seat (seat_id, venue_id, section_id, seat_code, row_label, seat_number, seat_label, x_pos, y_pos, seat_type, status, created_by, created_at, updated_by, updated_at, is_deleted) VALUES (11304, 3, 12, 'STDB_F04', 'F', '04', 'F04', 156.00, 106.00, 'seat', 'active', 1, '2026-04-01 23:17:19.955', NULL, NULL, false);
INSERT INTO ticketing.venue_seat (seat_id, venue_id, section_id, seat_code, row_label, seat_number, seat_label, x_pos, y_pos, seat_type, status, created_by, created_at, updated_by, updated_at, is_deleted) VALUES (11404, 3, 12, 'STDB_G04', 'G', '04', 'G04', 156.00, 118.00, 'seat', 'active', 1, '2026-04-01 23:17:19.955', NULL, NULL, false);
INSERT INTO ticketing.venue_seat (seat_id, venue_id, section_id, seat_code, row_label, seat_number, seat_label, x_pos, y_pos, seat_type, status, created_by, created_at, updated_by, updated_at, is_deleted) VALUES (15104, 4, 16, 'STDB_D04', 'D', '04', 'D04', 156.00, 82.00, 'seat', 'active', 1, '2026-04-01 23:17:19.955', NULL, NULL, false);
INSERT INTO ticketing.venue_seat (seat_id, venue_id, section_id, seat_code, row_label, seat_number, seat_label, x_pos, y_pos, seat_type, status, created_by, created_at, updated_by, updated_at, is_deleted) VALUES (15204, 4, 16, 'STDB_E04', 'E', '04', 'E04', 156.00, 94.00, 'seat', 'active', 1, '2026-04-01 23:17:19.955', NULL, NULL, false);
INSERT INTO ticketing.venue_seat (seat_id, venue_id, section_id, seat_code, row_label, seat_number, seat_label, x_pos, y_pos, seat_type, status, created_by, created_at, updated_by, updated_at, is_deleted) VALUES (15304, 4, 16, 'STDB_F04', 'F', '04', 'F04', 156.00, 106.00, 'seat', 'active', 1, '2026-04-01 23:17:19.955', NULL, NULL, false);
INSERT INTO ticketing.venue_seat (seat_id, venue_id, section_id, seat_code, row_label, seat_number, seat_label, x_pos, y_pos, seat_type, status, created_by, created_at, updated_by, updated_at, is_deleted) VALUES (15404, 4, 16, 'STDB_G04', 'G', '04', 'G04', 156.00, 118.00, 'seat', 'active', 1, '2026-04-01 23:17:19.955', NULL, NULL, false);
INSERT INTO ticketing.venue_seat (seat_id, venue_id, section_id, seat_code, row_label, seat_number, seat_label, x_pos, y_pos, seat_type, status, created_by, created_at, updated_by, updated_at, is_deleted) VALUES (19104, 5, 20, 'STDB_D04', 'D', '04', 'D04', 156.00, 82.00, 'seat', 'active', 1, '2026-04-01 23:17:19.955', NULL, NULL, false);
INSERT INTO ticketing.venue_seat (seat_id, venue_id, section_id, seat_code, row_label, seat_number, seat_label, x_pos, y_pos, seat_type, status, created_by, created_at, updated_by, updated_at, is_deleted) VALUES (19204, 5, 20, 'STDB_E04', 'E', '04', 'E04', 156.00, 94.00, 'seat', 'active', 1, '2026-04-01 23:17:19.955', NULL, NULL, false);
INSERT INTO ticketing.venue_seat (seat_id, venue_id, section_id, seat_code, row_label, seat_number, seat_label, x_pos, y_pos, seat_type, status, created_by, created_at, updated_by, updated_at, is_deleted) VALUES (19304, 5, 20, 'STDB_F04', 'F', '04', 'F04', 156.00, 106.00, 'seat', 'active', 1, '2026-04-01 23:17:19.955', NULL, NULL, false);
INSERT INTO ticketing.venue_seat (seat_id, venue_id, section_id, seat_code, row_label, seat_number, seat_label, x_pos, y_pos, seat_type, status, created_by, created_at, updated_by, updated_at, is_deleted) VALUES (19404, 5, 20, 'STDB_G04', 'G', '04', 'G04', 156.00, 118.00, 'seat', 'active', 1, '2026-04-01 23:17:19.955', NULL, NULL, false);
INSERT INTO ticketing.venue_seat (seat_id, venue_id, section_id, seat_code, row_label, seat_number, seat_label, x_pos, y_pos, seat_type, status, created_by, created_at, updated_by, updated_at, is_deleted) VALUES (3105, 1, 4, 'STDB_D05', 'D', '05', 'D05', 165.00, 82.00, 'seat', 'active', 1, '2026-04-01 23:17:19.955', NULL, NULL, false);
INSERT INTO ticketing.venue_seat (seat_id, venue_id, section_id, seat_code, row_label, seat_number, seat_label, x_pos, y_pos, seat_type, status, created_by, created_at, updated_by, updated_at, is_deleted) VALUES (3205, 1, 4, 'STDB_E05', 'E', '05', 'E05', 165.00, 94.00, 'seat', 'active', 1, '2026-04-01 23:17:19.955', NULL, NULL, false);
INSERT INTO ticketing.venue_seat (seat_id, venue_id, section_id, seat_code, row_label, seat_number, seat_label, x_pos, y_pos, seat_type, status, created_by, created_at, updated_by, updated_at, is_deleted) VALUES (3305, 1, 4, 'STDB_F05', 'F', '05', 'F05', 165.00, 106.00, 'seat', 'active', 1, '2026-04-01 23:17:19.955', NULL, NULL, false);
INSERT INTO ticketing.venue_seat (seat_id, venue_id, section_id, seat_code, row_label, seat_number, seat_label, x_pos, y_pos, seat_type, status, created_by, created_at, updated_by, updated_at, is_deleted) VALUES (3405, 1, 4, 'STDB_G05', 'G', '05', 'G05', 165.00, 118.00, 'seat', 'active', 1, '2026-04-01 23:17:19.955', NULL, NULL, false);
INSERT INTO ticketing.venue_seat (seat_id, venue_id, section_id, seat_code, row_label, seat_number, seat_label, x_pos, y_pos, seat_type, status, created_by, created_at, updated_by, updated_at, is_deleted) VALUES (7105, 2, 8, 'STDB_D05', 'D', '05', 'D05', 165.00, 82.00, 'seat', 'active', 1, '2026-04-01 23:17:19.955', NULL, NULL, false);
INSERT INTO ticketing.venue_seat (seat_id, venue_id, section_id, seat_code, row_label, seat_number, seat_label, x_pos, y_pos, seat_type, status, created_by, created_at, updated_by, updated_at, is_deleted) VALUES (7205, 2, 8, 'STDB_E05', 'E', '05', 'E05', 165.00, 94.00, 'seat', 'active', 1, '2026-04-01 23:17:19.955', NULL, NULL, false);
INSERT INTO ticketing.venue_seat (seat_id, venue_id, section_id, seat_code, row_label, seat_number, seat_label, x_pos, y_pos, seat_type, status, created_by, created_at, updated_by, updated_at, is_deleted) VALUES (7305, 2, 8, 'STDB_F05', 'F', '05', 'F05', 165.00, 106.00, 'seat', 'active', 1, '2026-04-01 23:17:19.955', NULL, NULL, false);
INSERT INTO ticketing.venue_seat (seat_id, venue_id, section_id, seat_code, row_label, seat_number, seat_label, x_pos, y_pos, seat_type, status, created_by, created_at, updated_by, updated_at, is_deleted) VALUES (7405, 2, 8, 'STDB_G05', 'G', '05', 'G05', 165.00, 118.00, 'seat', 'active', 1, '2026-04-01 23:17:19.955', NULL, NULL, false);
INSERT INTO ticketing.venue_seat (seat_id, venue_id, section_id, seat_code, row_label, seat_number, seat_label, x_pos, y_pos, seat_type, status, created_by, created_at, updated_by, updated_at, is_deleted) VALUES (11105, 3, 12, 'STDB_D05', 'D', '05', 'D05', 165.00, 82.00, 'seat', 'active', 1, '2026-04-01 23:17:19.955', NULL, NULL, false);
INSERT INTO ticketing.venue_seat (seat_id, venue_id, section_id, seat_code, row_label, seat_number, seat_label, x_pos, y_pos, seat_type, status, created_by, created_at, updated_by, updated_at, is_deleted) VALUES (11205, 3, 12, 'STDB_E05', 'E', '05', 'E05', 165.00, 94.00, 'seat', 'active', 1, '2026-04-01 23:17:19.955', NULL, NULL, false);
INSERT INTO ticketing.venue_seat (seat_id, venue_id, section_id, seat_code, row_label, seat_number, seat_label, x_pos, y_pos, seat_type, status, created_by, created_at, updated_by, updated_at, is_deleted) VALUES (11305, 3, 12, 'STDB_F05', 'F', '05', 'F05', 165.00, 106.00, 'seat', 'active', 1, '2026-04-01 23:17:19.955', NULL, NULL, false);
INSERT INTO ticketing.venue_seat (seat_id, venue_id, section_id, seat_code, row_label, seat_number, seat_label, x_pos, y_pos, seat_type, status, created_by, created_at, updated_by, updated_at, is_deleted) VALUES (11405, 3, 12, 'STDB_G05', 'G', '05', 'G05', 165.00, 118.00, 'seat', 'active', 1, '2026-04-01 23:17:19.955', NULL, NULL, false);
INSERT INTO ticketing.venue_seat (seat_id, venue_id, section_id, seat_code, row_label, seat_number, seat_label, x_pos, y_pos, seat_type, status, created_by, created_at, updated_by, updated_at, is_deleted) VALUES (15105, 4, 16, 'STDB_D05', 'D', '05', 'D05', 165.00, 82.00, 'seat', 'active', 1, '2026-04-01 23:17:19.955', NULL, NULL, false);
INSERT INTO ticketing.venue_seat (seat_id, venue_id, section_id, seat_code, row_label, seat_number, seat_label, x_pos, y_pos, seat_type, status, created_by, created_at, updated_by, updated_at, is_deleted) VALUES (15205, 4, 16, 'STDB_E05', 'E', '05', 'E05', 165.00, 94.00, 'seat', 'active', 1, '2026-04-01 23:17:19.955', NULL, NULL, false);
INSERT INTO ticketing.venue_seat (seat_id, venue_id, section_id, seat_code, row_label, seat_number, seat_label, x_pos, y_pos, seat_type, status, created_by, created_at, updated_by, updated_at, is_deleted) VALUES (15305, 4, 16, 'STDB_F05', 'F', '05', 'F05', 165.00, 106.00, 'seat', 'active', 1, '2026-04-01 23:17:19.955', NULL, NULL, false);
INSERT INTO ticketing.venue_seat (seat_id, venue_id, section_id, seat_code, row_label, seat_number, seat_label, x_pos, y_pos, seat_type, status, created_by, created_at, updated_by, updated_at, is_deleted) VALUES (15405, 4, 16, 'STDB_G05', 'G', '05', 'G05', 165.00, 118.00, 'seat', 'active', 1, '2026-04-01 23:17:19.955', NULL, NULL, false);
INSERT INTO ticketing.venue_seat (seat_id, venue_id, section_id, seat_code, row_label, seat_number, seat_label, x_pos, y_pos, seat_type, status, created_by, created_at, updated_by, updated_at, is_deleted) VALUES (19105, 5, 20, 'STDB_D05', 'D', '05', 'D05', 165.00, 82.00, 'seat', 'active', 1, '2026-04-01 23:17:19.955', NULL, NULL, false);
INSERT INTO ticketing.venue_seat (seat_id, venue_id, section_id, seat_code, row_label, seat_number, seat_label, x_pos, y_pos, seat_type, status, created_by, created_at, updated_by, updated_at, is_deleted) VALUES (19205, 5, 20, 'STDB_E05', 'E', '05', 'E05', 165.00, 94.00, 'seat', 'active', 1, '2026-04-01 23:17:19.955', NULL, NULL, false);
INSERT INTO ticketing.venue_seat (seat_id, venue_id, section_id, seat_code, row_label, seat_number, seat_label, x_pos, y_pos, seat_type, status, created_by, created_at, updated_by, updated_at, is_deleted) VALUES (19305, 5, 20, 'STDB_F05', 'F', '05', 'F05', 165.00, 106.00, 'seat', 'active', 1, '2026-04-01 23:17:19.955', NULL, NULL, false);
INSERT INTO ticketing.venue_seat (seat_id, venue_id, section_id, seat_code, row_label, seat_number, seat_label, x_pos, y_pos, seat_type, status, created_by, created_at, updated_by, updated_at, is_deleted) VALUES (19405, 5, 20, 'STDB_G05', 'G', '05', 'G05', 165.00, 118.00, 'seat', 'active', 1, '2026-04-01 23:17:19.955', NULL, NULL, false);
INSERT INTO ticketing.venue_seat (seat_id, venue_id, section_id, seat_code, row_label, seat_number, seat_label, x_pos, y_pos, seat_type, status, created_by, created_at, updated_by, updated_at, is_deleted) VALUES (3106, 1, 4, 'STDB_D06', 'D', '06', 'D06', 174.00, 82.00, 'seat', 'active', 1, '2026-04-01 23:17:19.955', NULL, NULL, false);
INSERT INTO ticketing.venue_seat (seat_id, venue_id, section_id, seat_code, row_label, seat_number, seat_label, x_pos, y_pos, seat_type, status, created_by, created_at, updated_by, updated_at, is_deleted) VALUES (3206, 1, 4, 'STDB_E06', 'E', '06', 'E06', 174.00, 94.00, 'seat', 'active', 1, '2026-04-01 23:17:19.955', NULL, NULL, false);
INSERT INTO ticketing.venue_seat (seat_id, venue_id, section_id, seat_code, row_label, seat_number, seat_label, x_pos, y_pos, seat_type, status, created_by, created_at, updated_by, updated_at, is_deleted) VALUES (3306, 1, 4, 'STDB_F06', 'F', '06', 'F06', 174.00, 106.00, 'seat', 'active', 1, '2026-04-01 23:17:19.955', NULL, NULL, false);
INSERT INTO ticketing.venue_seat (seat_id, venue_id, section_id, seat_code, row_label, seat_number, seat_label, x_pos, y_pos, seat_type, status, created_by, created_at, updated_by, updated_at, is_deleted) VALUES (3406, 1, 4, 'STDB_G06', 'G', '06', 'G06', 174.00, 118.00, 'seat', 'active', 1, '2026-04-01 23:17:19.955', NULL, NULL, false);
INSERT INTO ticketing.venue_seat (seat_id, venue_id, section_id, seat_code, row_label, seat_number, seat_label, x_pos, y_pos, seat_type, status, created_by, created_at, updated_by, updated_at, is_deleted) VALUES (7106, 2, 8, 'STDB_D06', 'D', '06', 'D06', 174.00, 82.00, 'seat', 'active', 1, '2026-04-01 23:17:19.955', NULL, NULL, false);
INSERT INTO ticketing.venue_seat (seat_id, venue_id, section_id, seat_code, row_label, seat_number, seat_label, x_pos, y_pos, seat_type, status, created_by, created_at, updated_by, updated_at, is_deleted) VALUES (7206, 2, 8, 'STDB_E06', 'E', '06', 'E06', 174.00, 94.00, 'seat', 'active', 1, '2026-04-01 23:17:19.955', NULL, NULL, false);
INSERT INTO ticketing.venue_seat (seat_id, venue_id, section_id, seat_code, row_label, seat_number, seat_label, x_pos, y_pos, seat_type, status, created_by, created_at, updated_by, updated_at, is_deleted) VALUES (7306, 2, 8, 'STDB_F06', 'F', '06', 'F06', 174.00, 106.00, 'seat', 'active', 1, '2026-04-01 23:17:19.955', NULL, NULL, false);
INSERT INTO ticketing.venue_seat (seat_id, venue_id, section_id, seat_code, row_label, seat_number, seat_label, x_pos, y_pos, seat_type, status, created_by, created_at, updated_by, updated_at, is_deleted) VALUES (7406, 2, 8, 'STDB_G06', 'G', '06', 'G06', 174.00, 118.00, 'seat', 'active', 1, '2026-04-01 23:17:19.955', NULL, NULL, false);
INSERT INTO ticketing.venue_seat (seat_id, venue_id, section_id, seat_code, row_label, seat_number, seat_label, x_pos, y_pos, seat_type, status, created_by, created_at, updated_by, updated_at, is_deleted) VALUES (11106, 3, 12, 'STDB_D06', 'D', '06', 'D06', 174.00, 82.00, 'seat', 'active', 1, '2026-04-01 23:17:19.955', NULL, NULL, false);
INSERT INTO ticketing.venue_seat (seat_id, venue_id, section_id, seat_code, row_label, seat_number, seat_label, x_pos, y_pos, seat_type, status, created_by, created_at, updated_by, updated_at, is_deleted) VALUES (11206, 3, 12, 'STDB_E06', 'E', '06', 'E06', 174.00, 94.00, 'seat', 'active', 1, '2026-04-01 23:17:19.955', NULL, NULL, false);
INSERT INTO ticketing.venue_seat (seat_id, venue_id, section_id, seat_code, row_label, seat_number, seat_label, x_pos, y_pos, seat_type, status, created_by, created_at, updated_by, updated_at, is_deleted) VALUES (11306, 3, 12, 'STDB_F06', 'F', '06', 'F06', 174.00, 106.00, 'seat', 'active', 1, '2026-04-01 23:17:19.955', NULL, NULL, false);
INSERT INTO ticketing.venue_seat (seat_id, venue_id, section_id, seat_code, row_label, seat_number, seat_label, x_pos, y_pos, seat_type, status, created_by, created_at, updated_by, updated_at, is_deleted) VALUES (11406, 3, 12, 'STDB_G06', 'G', '06', 'G06', 174.00, 118.00, 'seat', 'active', 1, '2026-04-01 23:17:19.955', NULL, NULL, false);
INSERT INTO ticketing.venue_seat (seat_id, venue_id, section_id, seat_code, row_label, seat_number, seat_label, x_pos, y_pos, seat_type, status, created_by, created_at, updated_by, updated_at, is_deleted) VALUES (15106, 4, 16, 'STDB_D06', 'D', '06', 'D06', 174.00, 82.00, 'seat', 'active', 1, '2026-04-01 23:17:19.955', NULL, NULL, false);
INSERT INTO ticketing.venue_seat (seat_id, venue_id, section_id, seat_code, row_label, seat_number, seat_label, x_pos, y_pos, seat_type, status, created_by, created_at, updated_by, updated_at, is_deleted) VALUES (15206, 4, 16, 'STDB_E06', 'E', '06', 'E06', 174.00, 94.00, 'seat', 'active', 1, '2026-04-01 23:17:19.955', NULL, NULL, false);
INSERT INTO ticketing.venue_seat (seat_id, venue_id, section_id, seat_code, row_label, seat_number, seat_label, x_pos, y_pos, seat_type, status, created_by, created_at, updated_by, updated_at, is_deleted) VALUES (15306, 4, 16, 'STDB_F06', 'F', '06', 'F06', 174.00, 106.00, 'seat', 'active', 1, '2026-04-01 23:17:19.955', NULL, NULL, false);
INSERT INTO ticketing.venue_seat (seat_id, venue_id, section_id, seat_code, row_label, seat_number, seat_label, x_pos, y_pos, seat_type, status, created_by, created_at, updated_by, updated_at, is_deleted) VALUES (15406, 4, 16, 'STDB_G06', 'G', '06', 'G06', 174.00, 118.00, 'seat', 'active', 1, '2026-04-01 23:17:19.955', NULL, NULL, false);
INSERT INTO ticketing.venue_seat (seat_id, venue_id, section_id, seat_code, row_label, seat_number, seat_label, x_pos, y_pos, seat_type, status, created_by, created_at, updated_by, updated_at, is_deleted) VALUES (19106, 5, 20, 'STDB_D06', 'D', '06', 'D06', 174.00, 82.00, 'seat', 'active', 1, '2026-04-01 23:17:19.955', NULL, NULL, false);
INSERT INTO ticketing.venue_seat (seat_id, venue_id, section_id, seat_code, row_label, seat_number, seat_label, x_pos, y_pos, seat_type, status, created_by, created_at, updated_by, updated_at, is_deleted) VALUES (19206, 5, 20, 'STDB_E06', 'E', '06', 'E06', 174.00, 94.00, 'seat', 'active', 1, '2026-04-01 23:17:19.955', NULL, NULL, false);
INSERT INTO ticketing.venue_seat (seat_id, venue_id, section_id, seat_code, row_label, seat_number, seat_label, x_pos, y_pos, seat_type, status, created_by, created_at, updated_by, updated_at, is_deleted) VALUES (19306, 5, 20, 'STDB_F06', 'F', '06', 'F06', 174.00, 106.00, 'seat', 'active', 1, '2026-04-01 23:17:19.955', NULL, NULL, false);
INSERT INTO ticketing.venue_seat (seat_id, venue_id, section_id, seat_code, row_label, seat_number, seat_label, x_pos, y_pos, seat_type, status, created_by, created_at, updated_by, updated_at, is_deleted) VALUES (19406, 5, 20, 'STDB_G06', 'G', '06', 'G06', 174.00, 118.00, 'seat', 'active', 1, '2026-04-01 23:17:19.955', NULL, NULL, false);
INSERT INTO ticketing.venue_seat (seat_id, venue_id, section_id, seat_code, row_label, seat_number, seat_label, x_pos, y_pos, seat_type, status, created_by, created_at, updated_by, updated_at, is_deleted) VALUES (3107, 1, 4, 'STDB_D07', 'D', '07', 'D07', 183.00, 82.00, 'seat', 'active', 1, '2026-04-01 23:17:19.955', NULL, NULL, false);
INSERT INTO ticketing.venue_seat (seat_id, venue_id, section_id, seat_code, row_label, seat_number, seat_label, x_pos, y_pos, seat_type, status, created_by, created_at, updated_by, updated_at, is_deleted) VALUES (3207, 1, 4, 'STDB_E07', 'E', '07', 'E07', 183.00, 94.00, 'seat', 'active', 1, '2026-04-01 23:17:19.955', NULL, NULL, false);
INSERT INTO ticketing.venue_seat (seat_id, venue_id, section_id, seat_code, row_label, seat_number, seat_label, x_pos, y_pos, seat_type, status, created_by, created_at, updated_by, updated_at, is_deleted) VALUES (3307, 1, 4, 'STDB_F07', 'F', '07', 'F07', 183.00, 106.00, 'seat', 'active', 1, '2026-04-01 23:17:19.955', NULL, NULL, false);
INSERT INTO ticketing.venue_seat (seat_id, venue_id, section_id, seat_code, row_label, seat_number, seat_label, x_pos, y_pos, seat_type, status, created_by, created_at, updated_by, updated_at, is_deleted) VALUES (3407, 1, 4, 'STDB_G07', 'G', '07', 'G07', 183.00, 118.00, 'seat', 'active', 1, '2026-04-01 23:17:19.955', NULL, NULL, false);
INSERT INTO ticketing.venue_seat (seat_id, venue_id, section_id, seat_code, row_label, seat_number, seat_label, x_pos, y_pos, seat_type, status, created_by, created_at, updated_by, updated_at, is_deleted) VALUES (7107, 2, 8, 'STDB_D07', 'D', '07', 'D07', 183.00, 82.00, 'seat', 'active', 1, '2026-04-01 23:17:19.955', NULL, NULL, false);
INSERT INTO ticketing.venue_seat (seat_id, venue_id, section_id, seat_code, row_label, seat_number, seat_label, x_pos, y_pos, seat_type, status, created_by, created_at, updated_by, updated_at, is_deleted) VALUES (7207, 2, 8, 'STDB_E07', 'E', '07', 'E07', 183.00, 94.00, 'seat', 'active', 1, '2026-04-01 23:17:19.955', NULL, NULL, false);
INSERT INTO ticketing.venue_seat (seat_id, venue_id, section_id, seat_code, row_label, seat_number, seat_label, x_pos, y_pos, seat_type, status, created_by, created_at, updated_by, updated_at, is_deleted) VALUES (7307, 2, 8, 'STDB_F07', 'F', '07', 'F07', 183.00, 106.00, 'seat', 'active', 1, '2026-04-01 23:17:19.955', NULL, NULL, false);
INSERT INTO ticketing.venue_seat (seat_id, venue_id, section_id, seat_code, row_label, seat_number, seat_label, x_pos, y_pos, seat_type, status, created_by, created_at, updated_by, updated_at, is_deleted) VALUES (7407, 2, 8, 'STDB_G07', 'G', '07', 'G07', 183.00, 118.00, 'seat', 'active', 1, '2026-04-01 23:17:19.955', NULL, NULL, false);
INSERT INTO ticketing.venue_seat (seat_id, venue_id, section_id, seat_code, row_label, seat_number, seat_label, x_pos, y_pos, seat_type, status, created_by, created_at, updated_by, updated_at, is_deleted) VALUES (11107, 3, 12, 'STDB_D07', 'D', '07', 'D07', 183.00, 82.00, 'seat', 'active', 1, '2026-04-01 23:17:19.955', NULL, NULL, false);
INSERT INTO ticketing.venue_seat (seat_id, venue_id, section_id, seat_code, row_label, seat_number, seat_label, x_pos, y_pos, seat_type, status, created_by, created_at, updated_by, updated_at, is_deleted) VALUES (11207, 3, 12, 'STDB_E07', 'E', '07', 'E07', 183.00, 94.00, 'seat', 'active', 1, '2026-04-01 23:17:19.955', NULL, NULL, false);
INSERT INTO ticketing.venue_seat (seat_id, venue_id, section_id, seat_code, row_label, seat_number, seat_label, x_pos, y_pos, seat_type, status, created_by, created_at, updated_by, updated_at, is_deleted) VALUES (11307, 3, 12, 'STDB_F07', 'F', '07', 'F07', 183.00, 106.00, 'seat', 'active', 1, '2026-04-01 23:17:19.955', NULL, NULL, false);
INSERT INTO ticketing.venue_seat (seat_id, venue_id, section_id, seat_code, row_label, seat_number, seat_label, x_pos, y_pos, seat_type, status, created_by, created_at, updated_by, updated_at, is_deleted) VALUES (11407, 3, 12, 'STDB_G07', 'G', '07', 'G07', 183.00, 118.00, 'seat', 'active', 1, '2026-04-01 23:17:19.955', NULL, NULL, false);
INSERT INTO ticketing.venue_seat (seat_id, venue_id, section_id, seat_code, row_label, seat_number, seat_label, x_pos, y_pos, seat_type, status, created_by, created_at, updated_by, updated_at, is_deleted) VALUES (15107, 4, 16, 'STDB_D07', 'D', '07', 'D07', 183.00, 82.00, 'seat', 'active', 1, '2026-04-01 23:17:19.955', NULL, NULL, false);
INSERT INTO ticketing.venue_seat (seat_id, venue_id, section_id, seat_code, row_label, seat_number, seat_label, x_pos, y_pos, seat_type, status, created_by, created_at, updated_by, updated_at, is_deleted) VALUES (15207, 4, 16, 'STDB_E07', 'E', '07', 'E07', 183.00, 94.00, 'seat', 'active', 1, '2026-04-01 23:17:19.955', NULL, NULL, false);
INSERT INTO ticketing.venue_seat (seat_id, venue_id, section_id, seat_code, row_label, seat_number, seat_label, x_pos, y_pos, seat_type, status, created_by, created_at, updated_by, updated_at, is_deleted) VALUES (15307, 4, 16, 'STDB_F07', 'F', '07', 'F07', 183.00, 106.00, 'seat', 'active', 1, '2026-04-01 23:17:19.955', NULL, NULL, false);
INSERT INTO ticketing.venue_seat (seat_id, venue_id, section_id, seat_code, row_label, seat_number, seat_label, x_pos, y_pos, seat_type, status, created_by, created_at, updated_by, updated_at, is_deleted) VALUES (15407, 4, 16, 'STDB_G07', 'G', '07', 'G07', 183.00, 118.00, 'seat', 'active', 1, '2026-04-01 23:17:19.955', NULL, NULL, false);
INSERT INTO ticketing.venue_seat (seat_id, venue_id, section_id, seat_code, row_label, seat_number, seat_label, x_pos, y_pos, seat_type, status, created_by, created_at, updated_by, updated_at, is_deleted) VALUES (19107, 5, 20, 'STDB_D07', 'D', '07', 'D07', 183.00, 82.00, 'seat', 'active', 1, '2026-04-01 23:17:19.955', NULL, NULL, false);
INSERT INTO ticketing.venue_seat (seat_id, venue_id, section_id, seat_code, row_label, seat_number, seat_label, x_pos, y_pos, seat_type, status, created_by, created_at, updated_by, updated_at, is_deleted) VALUES (19207, 5, 20, 'STDB_E07', 'E', '07', 'E07', 183.00, 94.00, 'seat', 'active', 1, '2026-04-01 23:17:19.955', NULL, NULL, false);
INSERT INTO ticketing.venue_seat (seat_id, venue_id, section_id, seat_code, row_label, seat_number, seat_label, x_pos, y_pos, seat_type, status, created_by, created_at, updated_by, updated_at, is_deleted) VALUES (19307, 5, 20, 'STDB_F07', 'F', '07', 'F07', 183.00, 106.00, 'seat', 'active', 1, '2026-04-01 23:17:19.955', NULL, NULL, false);
INSERT INTO ticketing.venue_seat (seat_id, venue_id, section_id, seat_code, row_label, seat_number, seat_label, x_pos, y_pos, seat_type, status, created_by, created_at, updated_by, updated_at, is_deleted) VALUES (19407, 5, 20, 'STDB_G07', 'G', '07', 'G07', 183.00, 118.00, 'seat', 'active', 1, '2026-04-01 23:17:19.955', NULL, NULL, false);
INSERT INTO ticketing.venue_seat (seat_id, venue_id, section_id, seat_code, row_label, seat_number, seat_label, x_pos, y_pos, seat_type, status, created_by, created_at, updated_by, updated_at, is_deleted) VALUES (3108, 1, 4, 'STDB_D08', 'D', '08', 'D08', 192.00, 82.00, 'seat', 'active', 1, '2026-04-01 23:17:19.955', NULL, NULL, false);
INSERT INTO ticketing.venue_seat (seat_id, venue_id, section_id, seat_code, row_label, seat_number, seat_label, x_pos, y_pos, seat_type, status, created_by, created_at, updated_by, updated_at, is_deleted) VALUES (3208, 1, 4, 'STDB_E08', 'E', '08', 'E08', 192.00, 94.00, 'seat', 'active', 1, '2026-04-01 23:17:19.955', NULL, NULL, false);
INSERT INTO ticketing.venue_seat (seat_id, venue_id, section_id, seat_code, row_label, seat_number, seat_label, x_pos, y_pos, seat_type, status, created_by, created_at, updated_by, updated_at, is_deleted) VALUES (3308, 1, 4, 'STDB_F08', 'F', '08', 'F08', 192.00, 106.00, 'seat', 'active', 1, '2026-04-01 23:17:19.955', NULL, NULL, false);
INSERT INTO ticketing.venue_seat (seat_id, venue_id, section_id, seat_code, row_label, seat_number, seat_label, x_pos, y_pos, seat_type, status, created_by, created_at, updated_by, updated_at, is_deleted) VALUES (3408, 1, 4, 'STDB_G08', 'G', '08', 'G08', 192.00, 118.00, 'seat', 'active', 1, '2026-04-01 23:17:19.955', NULL, NULL, false);
INSERT INTO ticketing.venue_seat (seat_id, venue_id, section_id, seat_code, row_label, seat_number, seat_label, x_pos, y_pos, seat_type, status, created_by, created_at, updated_by, updated_at, is_deleted) VALUES (7108, 2, 8, 'STDB_D08', 'D', '08', 'D08', 192.00, 82.00, 'seat', 'active', 1, '2026-04-01 23:17:19.955', NULL, NULL, false);
INSERT INTO ticketing.venue_seat (seat_id, venue_id, section_id, seat_code, row_label, seat_number, seat_label, x_pos, y_pos, seat_type, status, created_by, created_at, updated_by, updated_at, is_deleted) VALUES (7208, 2, 8, 'STDB_E08', 'E', '08', 'E08', 192.00, 94.00, 'seat', 'active', 1, '2026-04-01 23:17:19.955', NULL, NULL, false);
INSERT INTO ticketing.venue_seat (seat_id, venue_id, section_id, seat_code, row_label, seat_number, seat_label, x_pos, y_pos, seat_type, status, created_by, created_at, updated_by, updated_at, is_deleted) VALUES (7308, 2, 8, 'STDB_F08', 'F', '08', 'F08', 192.00, 106.00, 'seat', 'active', 1, '2026-04-01 23:17:19.955', NULL, NULL, false);
INSERT INTO ticketing.venue_seat (seat_id, venue_id, section_id, seat_code, row_label, seat_number, seat_label, x_pos, y_pos, seat_type, status, created_by, created_at, updated_by, updated_at, is_deleted) VALUES (7408, 2, 8, 'STDB_G08', 'G', '08', 'G08', 192.00, 118.00, 'seat', 'active', 1, '2026-04-01 23:17:19.955', NULL, NULL, false);
INSERT INTO ticketing.venue_seat (seat_id, venue_id, section_id, seat_code, row_label, seat_number, seat_label, x_pos, y_pos, seat_type, status, created_by, created_at, updated_by, updated_at, is_deleted) VALUES (11108, 3, 12, 'STDB_D08', 'D', '08', 'D08', 192.00, 82.00, 'seat', 'active', 1, '2026-04-01 23:17:19.955', NULL, NULL, false);
INSERT INTO ticketing.venue_seat (seat_id, venue_id, section_id, seat_code, row_label, seat_number, seat_label, x_pos, y_pos, seat_type, status, created_by, created_at, updated_by, updated_at, is_deleted) VALUES (11208, 3, 12, 'STDB_E08', 'E', '08', 'E08', 192.00, 94.00, 'seat', 'active', 1, '2026-04-01 23:17:19.955', NULL, NULL, false);
INSERT INTO ticketing.venue_seat (seat_id, venue_id, section_id, seat_code, row_label, seat_number, seat_label, x_pos, y_pos, seat_type, status, created_by, created_at, updated_by, updated_at, is_deleted) VALUES (11308, 3, 12, 'STDB_F08', 'F', '08', 'F08', 192.00, 106.00, 'seat', 'active', 1, '2026-04-01 23:17:19.955', NULL, NULL, false);
INSERT INTO ticketing.venue_seat (seat_id, venue_id, section_id, seat_code, row_label, seat_number, seat_label, x_pos, y_pos, seat_type, status, created_by, created_at, updated_by, updated_at, is_deleted) VALUES (11408, 3, 12, 'STDB_G08', 'G', '08', 'G08', 192.00, 118.00, 'seat', 'active', 1, '2026-04-01 23:17:19.955', NULL, NULL, false);
INSERT INTO ticketing.venue_seat (seat_id, venue_id, section_id, seat_code, row_label, seat_number, seat_label, x_pos, y_pos, seat_type, status, created_by, created_at, updated_by, updated_at, is_deleted) VALUES (15108, 4, 16, 'STDB_D08', 'D', '08', 'D08', 192.00, 82.00, 'seat', 'active', 1, '2026-04-01 23:17:19.955', NULL, NULL, false);
INSERT INTO ticketing.venue_seat (seat_id, venue_id, section_id, seat_code, row_label, seat_number, seat_label, x_pos, y_pos, seat_type, status, created_by, created_at, updated_by, updated_at, is_deleted) VALUES (15208, 4, 16, 'STDB_E08', 'E', '08', 'E08', 192.00, 94.00, 'seat', 'active', 1, '2026-04-01 23:17:19.955', NULL, NULL, false);
INSERT INTO ticketing.venue_seat (seat_id, venue_id, section_id, seat_code, row_label, seat_number, seat_label, x_pos, y_pos, seat_type, status, created_by, created_at, updated_by, updated_at, is_deleted) VALUES (15308, 4, 16, 'STDB_F08', 'F', '08', 'F08', 192.00, 106.00, 'seat', 'active', 1, '2026-04-01 23:17:19.955', NULL, NULL, false);
INSERT INTO ticketing.venue_seat (seat_id, venue_id, section_id, seat_code, row_label, seat_number, seat_label, x_pos, y_pos, seat_type, status, created_by, created_at, updated_by, updated_at, is_deleted) VALUES (15408, 4, 16, 'STDB_G08', 'G', '08', 'G08', 192.00, 118.00, 'seat', 'active', 1, '2026-04-01 23:17:19.955', NULL, NULL, false);
INSERT INTO ticketing.venue_seat (seat_id, venue_id, section_id, seat_code, row_label, seat_number, seat_label, x_pos, y_pos, seat_type, status, created_by, created_at, updated_by, updated_at, is_deleted) VALUES (19108, 5, 20, 'STDB_D08', 'D', '08', 'D08', 192.00, 82.00, 'seat', 'active', 1, '2026-04-01 23:17:19.955', NULL, NULL, false);
INSERT INTO ticketing.venue_seat (seat_id, venue_id, section_id, seat_code, row_label, seat_number, seat_label, x_pos, y_pos, seat_type, status, created_by, created_at, updated_by, updated_at, is_deleted) VALUES (19208, 5, 20, 'STDB_E08', 'E', '08', 'E08', 192.00, 94.00, 'seat', 'active', 1, '2026-04-01 23:17:19.955', NULL, NULL, false);
INSERT INTO ticketing.venue_seat (seat_id, venue_id, section_id, seat_code, row_label, seat_number, seat_label, x_pos, y_pos, seat_type, status, created_by, created_at, updated_by, updated_at, is_deleted) VALUES (19308, 5, 20, 'STDB_F08', 'F', '08', 'F08', 192.00, 106.00, 'seat', 'active', 1, '2026-04-01 23:17:19.955', NULL, NULL, false);
INSERT INTO ticketing.venue_seat (seat_id, venue_id, section_id, seat_code, row_label, seat_number, seat_label, x_pos, y_pos, seat_type, status, created_by, created_at, updated_by, updated_at, is_deleted) VALUES (19408, 5, 20, 'STDB_G08', 'G', '08', 'G08', 192.00, 118.00, 'seat', 'active', 1, '2026-04-01 23:17:19.955', NULL, NULL, false);


--
-- Data for Name: event_seat_inventory; Type: TABLE DATA; Schema: ticketing; Owner: -
--

INSERT INTO ticketing.event_seat_inventory (event_seat_inventory_id, event_id, seat_id, event_zone_id, seat_status, current_hold_id, current_order_item_id, base_price, version, updated_at) VALUES (2, 16, 12201, 61, 'available', NULL, NULL, 5000000.00, 2, '2026-04-29 05:03:05.798');
INSERT INTO ticketing.event_seat_inventory (event_seat_inventory_id, event_id, seat_id, event_zone_id, seat_status, current_hold_id, current_order_item_id, base_price, version, updated_at) VALUES (23, 16, 13206, 62, 'sold', 57, 20, 3000000.00, 1, '2026-04-29 05:05:45.255');
INSERT INTO ticketing.event_seat_inventory (event_seat_inventory_id, event_id, seat_id, event_zone_id, seat_status, current_hold_id, current_order_item_id, base_price, version, updated_at) VALUES (22, 16, 13306, 62, 'sold', 57, 21, 3000000.00, 1, '2026-04-29 05:05:45.255');
INSERT INTO ticketing.event_seat_inventory (event_seat_inventory_id, event_id, seat_id, event_zone_id, seat_status, current_hold_id, current_order_item_id, base_price, version, updated_at) VALUES (70, 16, 15203, 64, 'available', NULL, NULL, 1000000.00, 3, '2026-05-19 16:19:54.809');
INSERT INTO ticketing.event_seat_inventory (event_seat_inventory_id, event_id, seat_id, event_zone_id, seat_status, current_hold_id, current_order_item_id, base_price, version, updated_at) VALUES (15, 16, 12301, 61, 'available', NULL, NULL, 5000000.00, 2, '2026-04-05 23:13:47.123');
INSERT INTO ticketing.event_seat_inventory (event_seat_inventory_id, event_id, seat_id, event_zone_id, seat_status, current_hold_id, current_order_item_id, base_price, version, updated_at) VALUES (9, 16, 12302, 61, 'sold', 37, 11, 5000000.00, 1, '2026-04-28 03:54:45.926');
INSERT INTO ticketing.event_seat_inventory (event_seat_inventory_id, event_id, seat_id, event_zone_id, seat_status, current_hold_id, current_order_item_id, base_price, version, updated_at) VALUES (80, 16, 15307, 64, 'sold', 38, 12, 1000000.00, 1, '2026-04-28 04:32:49.285');
INSERT INTO ticketing.event_seat_inventory (event_seat_inventory_id, event_id, seat_id, event_zone_id, seat_status, current_hold_id, current_order_item_id, base_price, version, updated_at) VALUES (55, 16, 14101, 63, 'sold', 40, 13, 1000000.00, 1, '2026-04-28 12:04:22.394');
INSERT INTO ticketing.event_seat_inventory (event_seat_inventory_id, event_id, seat_id, event_zone_id, seat_status, current_hold_id, current_order_item_id, base_price, version, updated_at) VALUES (18, 16, 12102, 61, 'sold', 60, 22, 5000000.00, 1, '2026-05-19 16:25:44.651');
INSERT INTO ticketing.event_seat_inventory (event_seat_inventory_id, event_id, seat_id, event_zone_id, seat_status, current_hold_id, current_order_item_id, base_price, version, updated_at) VALUES (14, 16, 12104, 61, 'sold', 60, 24, 5000000.00, 1, '2026-05-19 16:25:44.651');
INSERT INTO ticketing.event_seat_inventory (event_seat_inventory_id, event_id, seat_id, event_zone_id, seat_status, current_hold_id, current_order_item_id, base_price, version, updated_at) VALUES (17, 16, 12202, 61, 'sold', 60, 25, 5000000.00, 1, '2026-05-19 16:25:44.651');
INSERT INTO ticketing.event_seat_inventory (event_seat_inventory_id, event_id, seat_id, event_zone_id, seat_status, current_hold_id, current_order_item_id, base_price, version, updated_at) VALUES (11, 16, 12203, 61, 'sold', 60, 26, 5000000.00, 1, '2026-05-19 16:25:44.651');
INSERT INTO ticketing.event_seat_inventory (event_seat_inventory_id, event_id, seat_id, event_zone_id, seat_status, current_hold_id, current_order_item_id, base_price, version, updated_at) VALUES (16, 16, 12204, 61, 'sold', 60, 27, 5000000.00, 1, '2026-05-19 16:25:44.651');
INSERT INTO ticketing.event_seat_inventory (event_seat_inventory_id, event_id, seat_id, event_zone_id, seat_status, current_hold_id, current_order_item_id, base_price, version, updated_at) VALUES (25, 16, 13101, 62, 'available', NULL, NULL, 3000000.00, 2, '2026-04-05 23:13:47.123');
INSERT INTO ticketing.event_seat_inventory (event_seat_inventory_id, event_id, seat_id, event_zone_id, seat_status, current_hold_id, current_order_item_id, base_price, version, updated_at) VALUES (31, 16, 13201, 62, 'available', NULL, NULL, 3000000.00, 2, '2026-04-05 23:13:47.123');
INSERT INTO ticketing.event_seat_inventory (event_seat_inventory_id, event_id, seat_id, event_zone_id, seat_status, current_hold_id, current_order_item_id, base_price, version, updated_at) VALUES (34, 16, 13301, 62, 'available', NULL, NULL, 3000000.00, 2, '2026-04-05 23:13:47.123');
INSERT INTO ticketing.event_seat_inventory (event_seat_inventory_id, event_id, seat_id, event_zone_id, seat_status, current_hold_id, current_order_item_id, base_price, version, updated_at) VALUES (27, 16, 13102, 62, 'available', NULL, NULL, 3000000.00, 2, '2026-04-05 23:13:47.123');
INSERT INTO ticketing.event_seat_inventory (event_seat_inventory_id, event_id, seat_id, event_zone_id, seat_status, current_hold_id, current_order_item_id, base_price, version, updated_at) VALUES (29, 16, 13302, 62, 'available', NULL, NULL, 3000000.00, 2, '2026-04-05 23:13:47.123');
INSERT INTO ticketing.event_seat_inventory (event_seat_inventory_id, event_id, seat_id, event_zone_id, seat_status, current_hold_id, current_order_item_id, base_price, version, updated_at) VALUES (4, 16, 12306, 61, 'sold', 64, 31, 5000000.00, 1, '2026-05-31 15:40:22.227');
INSERT INTO ticketing.event_seat_inventory (event_seat_inventory_id, event_id, seat_id, event_zone_id, seat_status, current_hold_id, current_order_item_id, base_price, version, updated_at) VALUES (36, 16, 13303, 62, 'available', NULL, NULL, 3000000.00, 2, '2026-04-05 23:13:47.123');
INSERT INTO ticketing.event_seat_inventory (event_seat_inventory_id, event_id, seat_id, event_zone_id, seat_status, current_hold_id, current_order_item_id, base_price, version, updated_at) VALUES (32, 16, 13204, 62, 'available', NULL, NULL, 3000000.00, 2, '2026-04-05 23:13:47.123');
INSERT INTO ticketing.event_seat_inventory (event_seat_inventory_id, event_id, seat_id, event_zone_id, seat_status, current_hold_id, current_order_item_id, base_price, version, updated_at) VALUES (28, 16, 13304, 62, 'available', NULL, NULL, 3000000.00, 2, '2026-04-05 23:13:47.123');
INSERT INTO ticketing.event_seat_inventory (event_seat_inventory_id, event_id, seat_id, event_zone_id, seat_status, current_hold_id, current_order_item_id, base_price, version, updated_at) VALUES (20, 16, 13105, 62, 'available', NULL, NULL, 3000000.00, 2, '2026-04-05 23:13:47.123');
INSERT INTO ticketing.event_seat_inventory (event_seat_inventory_id, event_id, seat_id, event_zone_id, seat_status, current_hold_id, current_order_item_id, base_price, version, updated_at) VALUES (33, 16, 13305, 62, 'available', NULL, NULL, 3000000.00, 2, '2026-04-05 23:13:47.123');
INSERT INTO ticketing.event_seat_inventory (event_seat_inventory_id, event_id, seat_id, event_zone_id, seat_status, current_hold_id, current_order_item_id, base_price, version, updated_at) VALUES (81, 16, 15101, 64, 'available', NULL, NULL, 1000000.00, 2, '2026-04-05 23:13:47.123');
INSERT INTO ticketing.event_seat_inventory (event_seat_inventory_id, event_id, seat_id, event_zone_id, seat_status, current_hold_id, current_order_item_id, base_price, version, updated_at) VALUES (77, 16, 15202, 64, 'available', NULL, NULL, 1000000.00, 2, '2026-04-05 23:13:47.123');
INSERT INTO ticketing.event_seat_inventory (event_seat_inventory_id, event_id, seat_id, event_zone_id, seat_status, current_hold_id, current_order_item_id, base_price, version, updated_at) VALUES (69, 16, 15302, 64, 'available', NULL, NULL, 1000000.00, 2, '2026-04-05 23:13:47.123');
INSERT INTO ticketing.event_seat_inventory (event_seat_inventory_id, event_id, seat_id, event_zone_id, seat_status, current_hold_id, current_order_item_id, base_price, version, updated_at) VALUES (79, 16, 15403, 64, 'available', NULL, NULL, 1000000.00, 2, '2026-04-05 23:13:47.123');
INSERT INTO ticketing.event_seat_inventory (event_seat_inventory_id, event_id, seat_id, event_zone_id, seat_status, current_hold_id, current_order_item_id, base_price, version, updated_at) VALUES (73, 16, 15204, 64, 'available', NULL, NULL, 1000000.00, 2, '2026-04-05 23:13:47.123');
INSERT INTO ticketing.event_seat_inventory (event_seat_inventory_id, event_id, seat_id, event_zone_id, seat_status, current_hold_id, current_order_item_id, base_price, version, updated_at) VALUES (78, 16, 15206, 64, 'available', NULL, NULL, 1000000.00, 2, '2026-04-05 23:13:47.123');
INSERT INTO ticketing.event_seat_inventory (event_seat_inventory_id, event_id, seat_id, event_zone_id, seat_status, current_hold_id, current_order_item_id, base_price, version, updated_at) VALUES (76, 16, 15406, 64, 'available', NULL, NULL, 1000000.00, 2, '2026-04-05 23:13:47.123');
INSERT INTO ticketing.event_seat_inventory (event_seat_inventory_id, event_id, seat_id, event_zone_id, seat_status, current_hold_id, current_order_item_id, base_price, version, updated_at) VALUES (71, 16, 15107, 64, 'available', NULL, NULL, 1000000.00, 2, '2026-04-05 23:13:47.123');
INSERT INTO ticketing.event_seat_inventory (event_seat_inventory_id, event_id, seat_id, event_zone_id, seat_status, current_hold_id, current_order_item_id, base_price, version, updated_at) VALUES (3, 16, 12303, 61, 'available', NULL, NULL, 5000000.00, 3, '2026-04-29 05:03:05.798');
INSERT INTO ticketing.event_seat_inventory (event_seat_inventory_id, event_id, seat_id, event_zone_id, seat_status, current_hold_id, current_order_item_id, base_price, version, updated_at) VALUES (75, 16, 15308, 64, 'available', NULL, NULL, 1000000.00, 2, '2026-04-05 23:13:47.123');
INSERT INTO ticketing.event_seat_inventory (event_seat_inventory_id, event_id, seat_id, event_zone_id, seat_status, current_hold_id, current_order_item_id, base_price, version, updated_at) VALUES (74, 16, 15408, 64, 'available', NULL, NULL, 1000000.00, 2, '2026-04-05 23:13:47.123');
INSERT INTO ticketing.event_seat_inventory (event_seat_inventory_id, event_id, seat_id, event_zone_id, seat_status, current_hold_id, current_order_item_id, base_price, version, updated_at) VALUES (66, 16, 14201, 63, 'available', NULL, NULL, 1000000.00, 2, '2026-04-05 23:13:47.123');
INSERT INTO ticketing.event_seat_inventory (event_seat_inventory_id, event_id, seat_id, event_zone_id, seat_status, current_hold_id, current_order_item_id, base_price, version, updated_at) VALUES (51, 16, 14102, 63, 'available', NULL, NULL, 1000000.00, 2, '2026-04-05 23:13:47.123');
INSERT INTO ticketing.event_seat_inventory (event_seat_inventory_id, event_id, seat_id, event_zone_id, seat_status, current_hold_id, current_order_item_id, base_price, version, updated_at) VALUES (57, 16, 14202, 63, 'available', NULL, NULL, 1000000.00, 2, '2026-04-05 23:13:47.123');
INSERT INTO ticketing.event_seat_inventory (event_seat_inventory_id, event_id, seat_id, event_zone_id, seat_status, current_hold_id, current_order_item_id, base_price, version, updated_at) VALUES (48, 16, 14302, 63, 'available', NULL, NULL, 1000000.00, 2, '2026-04-05 23:13:47.123');
INSERT INTO ticketing.event_seat_inventory (event_seat_inventory_id, event_id, seat_id, event_zone_id, seat_status, current_hold_id, current_order_item_id, base_price, version, updated_at) VALUES (13, 16, 12304, 61, 'available', NULL, NULL, 5000000.00, 2, '2026-04-29 05:03:05.798');
INSERT INTO ticketing.event_seat_inventory (event_seat_inventory_id, event_id, seat_id, event_zone_id, seat_status, current_hold_id, current_order_item_id, base_price, version, updated_at) VALUES (61, 16, 14103, 63, 'available', NULL, NULL, 1000000.00, 2, '2026-04-05 23:13:47.123');
INSERT INTO ticketing.event_seat_inventory (event_seat_inventory_id, event_id, seat_id, event_zone_id, seat_status, current_hold_id, current_order_item_id, base_price, version, updated_at) VALUES (65, 16, 14402, 63, 'sold', 50, 14, 1000000.00, 1, '2026-04-29 04:10:11.274');
INSERT INTO ticketing.event_seat_inventory (event_seat_inventory_id, event_id, seat_id, event_zone_id, seat_status, current_hold_id, current_order_item_id, base_price, version, updated_at) VALUES (1, 16, 12105, 61, 'available', NULL, NULL, 5000000.00, 2, '2026-04-29 05:03:05.798');
INSERT INTO ticketing.event_seat_inventory (event_seat_inventory_id, event_id, seat_id, event_zone_id, seat_status, current_hold_id, current_order_item_id, base_price, version, updated_at) VALUES (8, 16, 12205, 61, 'available', NULL, NULL, 5000000.00, 2, '2026-04-29 05:03:05.798');
INSERT INTO ticketing.event_seat_inventory (event_seat_inventory_id, event_id, seat_id, event_zone_id, seat_status, current_hold_id, current_order_item_id, base_price, version, updated_at) VALUES (7, 16, 12305, 61, 'available', NULL, NULL, 5000000.00, 2, '2026-04-29 05:03:05.798');
INSERT INTO ticketing.event_seat_inventory (event_seat_inventory_id, event_id, seat_id, event_zone_id, seat_status, current_hold_id, current_order_item_id, base_price, version, updated_at) VALUES (10, 16, 12206, 61, 'available', NULL, NULL, 5000000.00, 2, '2026-04-29 05:03:05.798');
INSERT INTO ticketing.event_seat_inventory (event_seat_inventory_id, event_id, seat_id, event_zone_id, seat_status, current_hold_id, current_order_item_id, base_price, version, updated_at) VALUES (24, 16, 13202, 62, 'available', NULL, NULL, 3000000.00, 3, '2026-04-29 05:03:05.798');
INSERT INTO ticketing.event_seat_inventory (event_seat_inventory_id, event_id, seat_id, event_zone_id, seat_status, current_hold_id, current_order_item_id, base_price, version, updated_at) VALUES (26, 16, 13203, 62, 'available', NULL, NULL, 3000000.00, 3, '2026-04-29 05:03:05.798');
INSERT INTO ticketing.event_seat_inventory (event_seat_inventory_id, event_id, seat_id, event_zone_id, seat_status, current_hold_id, current_order_item_id, base_price, version, updated_at) VALUES (35, 16, 13104, 62, 'available', NULL, NULL, 3000000.00, 2, '2026-04-29 05:03:05.798');
INSERT INTO ticketing.event_seat_inventory (event_seat_inventory_id, event_id, seat_id, event_zone_id, seat_status, current_hold_id, current_order_item_id, base_price, version, updated_at) VALUES (21, 16, 13205, 62, 'available', NULL, NULL, 3000000.00, 3, '2026-04-29 05:03:05.798');
INSERT INTO ticketing.event_seat_inventory (event_seat_inventory_id, event_id, seat_id, event_zone_id, seat_status, current_hold_id, current_order_item_id, base_price, version, updated_at) VALUES (42, 16, 14401, 63, 'available', NULL, NULL, 1000000.00, 3, '2026-04-29 05:03:05.798');
INSERT INTO ticketing.event_seat_inventory (event_seat_inventory_id, event_id, seat_id, event_zone_id, seat_status, current_hold_id, current_order_item_id, base_price, version, updated_at) VALUES (37, 16, 14104, 63, 'available', NULL, NULL, 1000000.00, 2, '2026-04-05 23:13:47.123');
INSERT INTO ticketing.event_seat_inventory (event_seat_inventory_id, event_id, seat_id, event_zone_id, seat_status, current_hold_id, current_order_item_id, base_price, version, updated_at) VALUES (40, 16, 14107, 63, 'sold', 56, 16, 1000000.00, 1, '2026-04-29 05:04:43.374');
INSERT INTO ticketing.event_seat_inventory (event_seat_inventory_id, event_id, seat_id, event_zone_id, seat_status, current_hold_id, current_order_item_id, base_price, version, updated_at) VALUES (47, 16, 14108, 63, 'sold', 56, 17, 1000000.00, 1, '2026-04-29 05:04:43.374');
INSERT INTO ticketing.event_seat_inventory (event_seat_inventory_id, event_id, seat_id, event_zone_id, seat_status, current_hold_id, current_order_item_id, base_price, version, updated_at) VALUES (44, 16, 14208, 63, 'sold', 56, 18, 1000000.00, 1, '2026-04-29 05:04:43.374');
INSERT INTO ticketing.event_seat_inventory (event_seat_inventory_id, event_id, seat_id, event_zone_id, seat_status, current_hold_id, current_order_item_id, base_price, version, updated_at) VALUES (63, 16, 14207, 63, 'available', NULL, NULL, 1000000.00, 2, '2026-04-05 23:13:47.123');
INSERT INTO ticketing.event_seat_inventory (event_seat_inventory_id, event_id, seat_id, event_zone_id, seat_status, current_hold_id, current_order_item_id, base_price, version, updated_at) VALUES (30, 16, 13106, 62, 'sold', 57, 19, 3000000.00, 1, '2026-04-29 05:05:45.255');
INSERT INTO ticketing.event_seat_inventory (event_seat_inventory_id, event_id, seat_id, event_zone_id, seat_status, current_hold_id, current_order_item_id, base_price, version, updated_at) VALUES (97, 16, 15205, 64, 'available', NULL, NULL, 1000000.00, 3, '2026-05-19 16:19:54.809');
INSERT INTO ticketing.event_seat_inventory (event_seat_inventory_id, event_id, seat_id, event_zone_id, seat_status, current_hold_id, current_order_item_id, base_price, version, updated_at) VALUES (19, 16, 13103, 62, 'available', NULL, NULL, 3000000.00, 2, '2026-04-05 23:13:47.123');
INSERT INTO ticketing.event_seat_inventory (event_seat_inventory_id, event_id, seat_id, event_zone_id, seat_status, current_hold_id, current_order_item_id, base_price, version, updated_at) VALUES (87, 16, 15201, 64, 'available', NULL, NULL, 1000000.00, 2, '2026-04-05 23:13:47.123');
INSERT INTO ticketing.event_seat_inventory (event_seat_inventory_id, event_id, seat_id, event_zone_id, seat_status, current_hold_id, current_order_item_id, base_price, version, updated_at) VALUES (82, 16, 15301, 64, 'available', NULL, NULL, 1000000.00, 2, '2026-04-05 23:13:47.123');
INSERT INTO ticketing.event_seat_inventory (event_seat_inventory_id, event_id, seat_id, event_zone_id, seat_status, current_hold_id, current_order_item_id, base_price, version, updated_at) VALUES (83, 16, 15401, 64, 'available', NULL, NULL, 1000000.00, 2, '2026-04-05 23:13:47.123');
INSERT INTO ticketing.event_seat_inventory (event_seat_inventory_id, event_id, seat_id, event_zone_id, seat_status, current_hold_id, current_order_item_id, base_price, version, updated_at) VALUES (95, 16, 15102, 64, 'available', NULL, NULL, 1000000.00, 2, '2026-04-05 23:13:47.123');
INSERT INTO ticketing.event_seat_inventory (event_seat_inventory_id, event_id, seat_id, event_zone_id, seat_status, current_hold_id, current_order_item_id, base_price, version, updated_at) VALUES (84, 16, 15402, 64, 'available', NULL, NULL, 1000000.00, 2, '2026-04-05 23:13:47.123');
INSERT INTO ticketing.event_seat_inventory (event_seat_inventory_id, event_id, seat_id, event_zone_id, seat_status, current_hold_id, current_order_item_id, base_price, version, updated_at) VALUES (90, 16, 15103, 64, 'available', NULL, NULL, 1000000.00, 2, '2026-04-05 23:13:47.123');
INSERT INTO ticketing.event_seat_inventory (event_seat_inventory_id, event_id, seat_id, event_zone_id, seat_status, current_hold_id, current_order_item_id, base_price, version, updated_at) VALUES (91, 16, 15303, 64, 'available', NULL, NULL, 1000000.00, 2, '2026-04-05 23:13:47.123');
INSERT INTO ticketing.event_seat_inventory (event_seat_inventory_id, event_id, seat_id, event_zone_id, seat_status, current_hold_id, current_order_item_id, base_price, version, updated_at) VALUES (88, 16, 15104, 64, 'available', NULL, NULL, 1000000.00, 2, '2026-04-05 23:13:47.123');
INSERT INTO ticketing.event_seat_inventory (event_seat_inventory_id, event_id, seat_id, event_zone_id, seat_status, current_hold_id, current_order_item_id, base_price, version, updated_at) VALUES (94, 16, 15404, 64, 'available', NULL, NULL, 1000000.00, 2, '2026-04-05 23:13:47.123');
INSERT INTO ticketing.event_seat_inventory (event_seat_inventory_id, event_id, seat_id, event_zone_id, seat_status, current_hold_id, current_order_item_id, base_price, version, updated_at) VALUES (89, 16, 15105, 64, 'available', NULL, NULL, 1000000.00, 2, '2026-04-05 23:13:47.123');
INSERT INTO ticketing.event_seat_inventory (event_seat_inventory_id, event_id, seat_id, event_zone_id, seat_status, current_hold_id, current_order_item_id, base_price, version, updated_at) VALUES (99, 16, 15305, 64, 'available', NULL, NULL, 1000000.00, 2, '2026-04-05 23:13:47.123');
INSERT INTO ticketing.event_seat_inventory (event_seat_inventory_id, event_id, seat_id, event_zone_id, seat_status, current_hold_id, current_order_item_id, base_price, version, updated_at) VALUES (86, 16, 15405, 64, 'available', NULL, NULL, 1000000.00, 2, '2026-04-05 23:13:47.123');
INSERT INTO ticketing.event_seat_inventory (event_seat_inventory_id, event_id, seat_id, event_zone_id, seat_status, current_hold_id, current_order_item_id, base_price, version, updated_at) VALUES (12, 16, 12103, 61, 'sold', 60, 23, 5000000.00, 1, '2026-05-19 16:25:44.651');
INSERT INTO ticketing.event_seat_inventory (event_seat_inventory_id, event_id, seat_id, event_zone_id, seat_status, current_hold_id, current_order_item_id, base_price, version, updated_at) VALUES (98, 16, 15306, 64, 'available', NULL, NULL, 1000000.00, 2, '2026-04-05 23:13:47.123');
INSERT INTO ticketing.event_seat_inventory (event_seat_inventory_id, event_id, seat_id, event_zone_id, seat_status, current_hold_id, current_order_item_id, base_price, version, updated_at) VALUES (85, 16, 15207, 64, 'available', NULL, NULL, 1000000.00, 2, '2026-04-05 23:13:47.123');
INSERT INTO ticketing.event_seat_inventory (event_seat_inventory_id, event_id, seat_id, event_zone_id, seat_status, current_hold_id, current_order_item_id, base_price, version, updated_at) VALUES (92, 16, 15407, 64, 'available', NULL, NULL, 1000000.00, 2, '2026-04-05 23:13:47.123');
INSERT INTO ticketing.event_seat_inventory (event_seat_inventory_id, event_id, seat_id, event_zone_id, seat_status, current_hold_id, current_order_item_id, base_price, version, updated_at) VALUES (93, 16, 15108, 64, 'available', NULL, NULL, 1000000.00, 2, '2026-04-05 23:13:47.123');
INSERT INTO ticketing.event_seat_inventory (event_seat_inventory_id, event_id, seat_id, event_zone_id, seat_status, current_hold_id, current_order_item_id, base_price, version, updated_at) VALUES (100, 16, 15208, 64, 'available', NULL, NULL, 1000000.00, 2, '2026-04-05 23:13:47.123');
INSERT INTO ticketing.event_seat_inventory (event_seat_inventory_id, event_id, seat_id, event_zone_id, seat_status, current_hold_id, current_order_item_id, base_price, version, updated_at) VALUES (49, 16, 14301, 63, 'available', NULL, NULL, 1000000.00, 2, '2026-04-05 23:13:47.123');
INSERT INTO ticketing.event_seat_inventory (event_seat_inventory_id, event_id, seat_id, event_zone_id, seat_status, current_hold_id, current_order_item_id, base_price, version, updated_at) VALUES (6, 16, 12101, 61, 'available', NULL, NULL, 5000000.00, 2, '2026-04-29 05:03:04.534');
INSERT INTO ticketing.event_seat_inventory (event_seat_inventory_id, event_id, seat_id, event_zone_id, seat_status, current_hold_id, current_order_item_id, base_price, version, updated_at) VALUES (54, 16, 14203, 63, 'available', NULL, NULL, 1000000.00, 3, '2026-05-31 05:45:59.128');
INSERT INTO ticketing.event_seat_inventory (event_seat_inventory_id, event_id, seat_id, event_zone_id, seat_status, current_hold_id, current_order_item_id, base_price, version, updated_at) VALUES (62, 16, 14205, 63, 'available', NULL, NULL, 1000000.00, 4, '2026-05-31 05:45:59.128');
INSERT INTO ticketing.event_seat_inventory (event_seat_inventory_id, event_id, seat_id, event_zone_id, seat_status, current_hold_id, current_order_item_id, base_price, version, updated_at) VALUES (53, 16, 14303, 63, 'available', NULL, NULL, 1000000.00, 4, '2026-05-31 05:45:59.128');
INSERT INTO ticketing.event_seat_inventory (event_seat_inventory_id, event_id, seat_id, event_zone_id, seat_status, current_hold_id, current_order_item_id, base_price, version, updated_at) VALUES (5, 16, 12106, 61, 'available', NULL, NULL, 5000000.00, 2, '2026-04-29 05:03:05.798');
INSERT INTO ticketing.event_seat_inventory (event_seat_inventory_id, event_id, seat_id, event_zone_id, seat_status, current_hold_id, current_order_item_id, base_price, version, updated_at) VALUES (41, 16, 14404, 63, 'available', NULL, NULL, 1000000.00, 3, '2026-04-29 05:03:05.798');
INSERT INTO ticketing.event_seat_inventory (event_seat_inventory_id, event_id, seat_id, event_zone_id, seat_status, current_hold_id, current_order_item_id, base_price, version, updated_at) VALUES (59, 16, 14308, 63, 'sold', 35, 9, 1000000.00, 1, '2026-04-28 03:04:18.775');
INSERT INTO ticketing.event_seat_inventory (event_seat_inventory_id, event_id, seat_id, event_zone_id, seat_status, current_hold_id, current_order_item_id, base_price, version, updated_at) VALUES (50, 16, 14405, 63, 'available', NULL, NULL, 1000000.00, 3, '2026-04-29 05:03:05.798');
INSERT INTO ticketing.event_seat_inventory (event_seat_inventory_id, event_id, seat_id, event_zone_id, seat_status, current_hold_id, current_order_item_id, base_price, version, updated_at) VALUES (56, 16, 14306, 63, 'sold', 36, 10, 1000000.00, 1, '2026-04-28 03:05:29.76');
INSERT INTO ticketing.event_seat_inventory (event_seat_inventory_id, event_id, seat_id, event_zone_id, seat_status, current_hold_id, current_order_item_id, base_price, version, updated_at) VALUES (39, 16, 14304, 63, 'available', NULL, NULL, 1000000.00, 4, '2026-05-31 05:45:59.128');
INSERT INTO ticketing.event_seat_inventory (event_seat_inventory_id, event_id, seat_id, event_zone_id, seat_status, current_hold_id, current_order_item_id, base_price, version, updated_at) VALUES (58, 16, 14406, 63, 'available', NULL, NULL, 1000000.00, 3, '2026-04-29 05:03:05.798');
INSERT INTO ticketing.event_seat_inventory (event_seat_inventory_id, event_id, seat_id, event_zone_id, seat_status, current_hold_id, current_order_item_id, base_price, version, updated_at) VALUES (64, 16, 14307, 63, 'available', NULL, NULL, 1000000.00, 3, '2026-04-29 05:03:05.798');
INSERT INTO ticketing.event_seat_inventory (event_seat_inventory_id, event_id, seat_id, event_zone_id, seat_status, current_hold_id, current_order_item_id, base_price, version, updated_at) VALUES (60, 16, 14407, 63, 'available', NULL, NULL, 1000000.00, 3, '2026-04-29 05:03:05.798');
INSERT INTO ticketing.event_seat_inventory (event_seat_inventory_id, event_id, seat_id, event_zone_id, seat_status, current_hold_id, current_order_item_id, base_price, version, updated_at) VALUES (43, 16, 14305, 63, 'available', NULL, NULL, 1000000.00, 4, '2026-05-31 05:45:59.128');
INSERT INTO ticketing.event_seat_inventory (event_seat_inventory_id, event_id, seat_id, event_zone_id, seat_status, current_hold_id, current_order_item_id, base_price, version, updated_at) VALUES (38, 16, 14403, 63, 'sold', 50, 15, 1000000.00, 1, '2026-04-29 04:10:11.274');
INSERT INTO ticketing.event_seat_inventory (event_seat_inventory_id, event_id, seat_id, event_zone_id, seat_status, current_hold_id, current_order_item_id, base_price, version, updated_at) VALUES (96, 16, 15304, 64, 'available', NULL, NULL, 1000000.00, 2, '2026-04-29 05:03:05.798');
INSERT INTO ticketing.event_seat_inventory (event_seat_inventory_id, event_id, seat_id, event_zone_id, seat_status, current_hold_id, current_order_item_id, base_price, version, updated_at) VALUES (52, 16, 14105, 63, 'sold', 62, 28, 1000000.00, 1, '2026-05-31 07:10:15.584');
INSERT INTO ticketing.event_seat_inventory (event_seat_inventory_id, event_id, seat_id, event_zone_id, seat_status, current_hold_id, current_order_item_id, base_price, version, updated_at) VALUES (67, 16, 14106, 63, 'sold', 62, 29, 1000000.00, 1, '2026-05-31 07:10:15.584');
INSERT INTO ticketing.event_seat_inventory (event_seat_inventory_id, event_id, seat_id, event_zone_id, seat_status, current_hold_id, current_order_item_id, base_price, version, updated_at) VALUES (72, 16, 15106, 64, 'available', NULL, NULL, 1000000.00, 3, '2026-04-29 05:03:05.798');
INSERT INTO ticketing.event_seat_inventory (event_seat_inventory_id, event_id, seat_id, event_zone_id, seat_status, current_hold_id, current_order_item_id, base_price, version, updated_at) VALUES (45, 16, 14408, 63, 'sold', 63, 30, 1000000.00, 1, '2026-05-31 15:39:01.27');
INSERT INTO ticketing.event_seat_inventory (event_seat_inventory_id, event_id, seat_id, event_zone_id, seat_status, current_hold_id, current_order_item_id, base_price, version, updated_at) VALUES (68, 16, 14204, 63, 'sold', 64, 32, 1000000.00, 1, '2026-05-31 15:40:22.227');
INSERT INTO ticketing.event_seat_inventory (event_seat_inventory_id, event_id, seat_id, event_zone_id, seat_status, current_hold_id, current_order_item_id, base_price, version, updated_at) VALUES (46, 16, 14206, 63, 'sold', 64, 33, 1000000.00, 1, '2026-05-31 15:40:22.227');


--
-- Data for Name: event_zone_price; Type: TABLE DATA; Schema: ticketing; Owner: -
--

INSERT INTO ticketing.event_zone_price (event_zone_price_id, event_zone_id, price, currency, start_time, end_time, is_active, created_by, created_at, updated_by, updated_at, is_deleted) VALUES (1, 1, 3500000.00, 'VND', '2025-07-20 10:00:00', '2025-08-03 10:00:00', false, 1, '2026-04-01 23:16:43.073', NULL, NULL, false);
INSERT INTO ticketing.event_zone_price (event_zone_price_id, event_zone_id, price, currency, start_time, end_time, is_active, created_by, created_at, updated_by, updated_at, is_deleted) VALUES (2, 1, 4200000.00, 'VND', '2025-08-04 10:00:00', '2025-09-20 18:30:00', true, 1, '2026-04-01 23:16:43.073', NULL, NULL, false);
INSERT INTO ticketing.event_zone_price (event_zone_price_id, event_zone_id, price, currency, start_time, end_time, is_active, created_by, created_at, updated_by, updated_at, is_deleted) VALUES (3, 2, 1800000.00, 'VND', '2025-07-20 10:00:00', '2025-08-03 10:00:00', false, 1, '2026-04-01 23:16:43.073', NULL, NULL, false);
INSERT INTO ticketing.event_zone_price (event_zone_price_id, event_zone_id, price, currency, start_time, end_time, is_active, created_by, created_at, updated_by, updated_at, is_deleted) VALUES (4, 2, 2200000.00, 'VND', '2025-08-04 10:00:00', '2025-09-20 18:30:00', true, 1, '2026-04-01 23:16:43.073', NULL, NULL, false);
INSERT INTO ticketing.event_zone_price (event_zone_price_id, event_zone_id, price, currency, start_time, end_time, is_active, created_by, created_at, updated_by, updated_at, is_deleted) VALUES (5, 3, 900000.00, 'VND', '2025-07-20 10:00:00', '2025-08-03 10:00:00', false, 1, '2026-04-01 23:16:43.073', NULL, NULL, false);
INSERT INTO ticketing.event_zone_price (event_zone_price_id, event_zone_id, price, currency, start_time, end_time, is_active, created_by, created_at, updated_by, updated_at, is_deleted) VALUES (6, 3, 1200000.00, 'VND', '2025-08-04 10:00:00', '2025-09-20 18:30:00', true, 1, '2026-04-01 23:16:43.073', NULL, NULL, false);
INSERT INTO ticketing.event_zone_price (event_zone_price_id, event_zone_id, price, currency, start_time, end_time, is_active, created_by, created_at, updated_by, updated_at, is_deleted) VALUES (7, 4, 1200000.00, 'VND', '2025-07-20 10:00:00', '2025-08-03 10:00:00', false, 1, '2026-04-01 23:16:43.073', NULL, NULL, false);
INSERT INTO ticketing.event_zone_price (event_zone_price_id, event_zone_id, price, currency, start_time, end_time, is_active, created_by, created_at, updated_by, updated_at, is_deleted) VALUES (8, 4, 1500000.00, 'VND', '2025-08-04 10:00:00', '2025-09-20 18:30:00', true, 1, '2026-04-01 23:16:43.073', NULL, NULL, false);
INSERT INTO ticketing.event_zone_price (event_zone_price_id, event_zone_id, price, currency, start_time, end_time, is_active, created_by, created_at, updated_by, updated_at, is_deleted) VALUES (9, 5, 3500000.00, 'VND', '2025-08-01 10:00:00', '2025-08-15 10:00:00', false, 1, '2026-04-01 23:16:43.073', NULL, NULL, false);
INSERT INTO ticketing.event_zone_price (event_zone_price_id, event_zone_id, price, currency, start_time, end_time, is_active, created_by, created_at, updated_by, updated_at, is_deleted) VALUES (10, 5, 4200000.00, 'VND', '2025-08-16 10:00:00', '2025-10-11 17:00:00', true, 1, '2026-04-01 23:16:43.073', NULL, NULL, false);
INSERT INTO ticketing.event_zone_price (event_zone_price_id, event_zone_id, price, currency, start_time, end_time, is_active, created_by, created_at, updated_by, updated_at, is_deleted) VALUES (11, 6, 1800000.00, 'VND', '2025-08-01 10:00:00', '2025-08-15 10:00:00', false, 1, '2026-04-01 23:16:43.073', NULL, NULL, false);
INSERT INTO ticketing.event_zone_price (event_zone_price_id, event_zone_id, price, currency, start_time, end_time, is_active, created_by, created_at, updated_by, updated_at, is_deleted) VALUES (12, 6, 2200000.00, 'VND', '2025-08-16 10:00:00', '2025-10-11 17:00:00', true, 1, '2026-04-01 23:16:43.073', NULL, NULL, false);
INSERT INTO ticketing.event_zone_price (event_zone_price_id, event_zone_id, price, currency, start_time, end_time, is_active, created_by, created_at, updated_by, updated_at, is_deleted) VALUES (13, 7, 900000.00, 'VND', '2025-08-01 10:00:00', '2025-08-15 10:00:00', false, 1, '2026-04-01 23:16:43.073', NULL, NULL, false);
INSERT INTO ticketing.event_zone_price (event_zone_price_id, event_zone_id, price, currency, start_time, end_time, is_active, created_by, created_at, updated_by, updated_at, is_deleted) VALUES (14, 7, 1200000.00, 'VND', '2025-08-16 10:00:00', '2025-10-11 17:00:00', true, 1, '2026-04-01 23:16:43.073', NULL, NULL, false);
INSERT INTO ticketing.event_zone_price (event_zone_price_id, event_zone_id, price, currency, start_time, end_time, is_active, created_by, created_at, updated_by, updated_at, is_deleted) VALUES (15, 8, 1200000.00, 'VND', '2025-08-01 10:00:00', '2025-08-15 10:00:00', false, 1, '2026-04-01 23:16:43.073', NULL, NULL, false);
INSERT INTO ticketing.event_zone_price (event_zone_price_id, event_zone_id, price, currency, start_time, end_time, is_active, created_by, created_at, updated_by, updated_at, is_deleted) VALUES (16, 8, 1500000.00, 'VND', '2025-08-16 10:00:00', '2025-10-11 17:00:00', true, 1, '2026-04-01 23:16:43.073', NULL, NULL, false);
INSERT INTO ticketing.event_zone_price (event_zone_price_id, event_zone_id, price, currency, start_time, end_time, is_active, created_by, created_at, updated_by, updated_at, is_deleted) VALUES (17, 9, 3500000.00, 'VND', '2025-09-10 09:00:00', '2025-09-24 09:00:00', false, 1, '2026-04-01 23:16:43.073', NULL, NULL, false);
INSERT INTO ticketing.event_zone_price (event_zone_price_id, event_zone_id, price, currency, start_time, end_time, is_active, created_by, created_at, updated_by, updated_at, is_deleted) VALUES (18, 9, 4200000.00, 'VND', '2025-09-25 09:00:00', '2025-11-02 17:30:00', true, 1, '2026-04-01 23:16:43.073', NULL, NULL, false);
INSERT INTO ticketing.event_zone_price (event_zone_price_id, event_zone_id, price, currency, start_time, end_time, is_active, created_by, created_at, updated_by, updated_at, is_deleted) VALUES (19, 10, 1800000.00, 'VND', '2025-09-10 09:00:00', '2025-09-24 09:00:00', false, 1, '2026-04-01 23:16:43.073', NULL, NULL, false);
INSERT INTO ticketing.event_zone_price (event_zone_price_id, event_zone_id, price, currency, start_time, end_time, is_active, created_by, created_at, updated_by, updated_at, is_deleted) VALUES (20, 10, 2200000.00, 'VND', '2025-09-25 09:00:00', '2025-11-02 17:30:00', true, 1, '2026-04-01 23:16:43.073', NULL, NULL, false);
INSERT INTO ticketing.event_zone_price (event_zone_price_id, event_zone_id, price, currency, start_time, end_time, is_active, created_by, created_at, updated_by, updated_at, is_deleted) VALUES (21, 11, 900000.00, 'VND', '2025-09-10 09:00:00', '2025-09-24 09:00:00', false, 1, '2026-04-01 23:16:43.073', NULL, NULL, false);
INSERT INTO ticketing.event_zone_price (event_zone_price_id, event_zone_id, price, currency, start_time, end_time, is_active, created_by, created_at, updated_by, updated_at, is_deleted) VALUES (22, 11, 1200000.00, 'VND', '2025-09-25 09:00:00', '2025-11-02 17:30:00', true, 1, '2026-04-01 23:16:43.073', NULL, NULL, false);
INSERT INTO ticketing.event_zone_price (event_zone_price_id, event_zone_id, price, currency, start_time, end_time, is_active, created_by, created_at, updated_by, updated_at, is_deleted) VALUES (23, 12, 1200000.00, 'VND', '2025-09-10 09:00:00', '2025-09-24 09:00:00', false, 1, '2026-04-01 23:16:43.073', NULL, NULL, false);
INSERT INTO ticketing.event_zone_price (event_zone_price_id, event_zone_id, price, currency, start_time, end_time, is_active, created_by, created_at, updated_by, updated_at, is_deleted) VALUES (24, 12, 1500000.00, 'VND', '2025-09-25 09:00:00', '2025-11-02 17:30:00', true, 1, '2026-04-01 23:16:43.073', NULL, NULL, false);
INSERT INTO ticketing.event_zone_price (event_zone_price_id, event_zone_id, price, currency, start_time, end_time, is_active, created_by, created_at, updated_by, updated_at, is_deleted) VALUES (25, 13, 3500000.00, 'VND', '2025-10-01 09:00:00', '2025-10-15 09:00:00', false, 1, '2026-04-01 23:16:43.073', NULL, NULL, false);
INSERT INTO ticketing.event_zone_price (event_zone_price_id, event_zone_id, price, currency, start_time, end_time, is_active, created_by, created_at, updated_by, updated_at, is_deleted) VALUES (26, 13, 4200000.00, 'VND', '2025-10-16 09:00:00', '2025-12-06 18:00:00', true, 1, '2026-04-01 23:16:43.073', NULL, NULL, false);
INSERT INTO ticketing.event_zone_price (event_zone_price_id, event_zone_id, price, currency, start_time, end_time, is_active, created_by, created_at, updated_by, updated_at, is_deleted) VALUES (27, 14, 1800000.00, 'VND', '2025-10-01 09:00:00', '2025-10-15 09:00:00', false, 1, '2026-04-01 23:16:43.073', NULL, NULL, false);
INSERT INTO ticketing.event_zone_price (event_zone_price_id, event_zone_id, price, currency, start_time, end_time, is_active, created_by, created_at, updated_by, updated_at, is_deleted) VALUES (28, 14, 2200000.00, 'VND', '2025-10-16 09:00:00', '2025-12-06 18:00:00', true, 1, '2026-04-01 23:16:43.073', NULL, NULL, false);
INSERT INTO ticketing.event_zone_price (event_zone_price_id, event_zone_id, price, currency, start_time, end_time, is_active, created_by, created_at, updated_by, updated_at, is_deleted) VALUES (29, 15, 900000.00, 'VND', '2025-10-01 09:00:00', '2025-10-15 09:00:00', false, 1, '2026-04-01 23:16:43.073', NULL, NULL, false);
INSERT INTO ticketing.event_zone_price (event_zone_price_id, event_zone_id, price, currency, start_time, end_time, is_active, created_by, created_at, updated_by, updated_at, is_deleted) VALUES (30, 15, 1200000.00, 'VND', '2025-10-16 09:00:00', '2025-12-06 18:00:00', true, 1, '2026-04-01 23:16:43.073', NULL, NULL, false);
INSERT INTO ticketing.event_zone_price (event_zone_price_id, event_zone_id, price, currency, start_time, end_time, is_active, created_by, created_at, updated_by, updated_at, is_deleted) VALUES (31, 16, 1200000.00, 'VND', '2025-10-01 09:00:00', '2025-10-15 09:00:00', false, 1, '2026-04-01 23:16:43.073', NULL, NULL, false);
INSERT INTO ticketing.event_zone_price (event_zone_price_id, event_zone_id, price, currency, start_time, end_time, is_active, created_by, created_at, updated_by, updated_at, is_deleted) VALUES (32, 16, 1500000.00, 'VND', '2025-10-16 09:00:00', '2025-12-06 18:00:00', true, 1, '2026-04-01 23:16:43.073', NULL, NULL, false);
INSERT INTO ticketing.event_zone_price (event_zone_price_id, event_zone_id, price, currency, start_time, end_time, is_active, created_by, created_at, updated_by, updated_at, is_deleted) VALUES (33, 17, 3500000.00, 'VND', '2025-09-15 09:00:00', '2025-09-29 09:00:00', false, 1, '2026-04-01 23:16:43.073', NULL, NULL, false);
INSERT INTO ticketing.event_zone_price (event_zone_price_id, event_zone_id, price, currency, start_time, end_time, is_active, created_by, created_at, updated_by, updated_at, is_deleted) VALUES (34, 17, 4200000.00, 'VND', '2025-09-30 09:00:00', '2025-11-22 07:30:00', true, 1, '2026-04-01 23:16:43.073', NULL, NULL, false);
INSERT INTO ticketing.event_zone_price (event_zone_price_id, event_zone_id, price, currency, start_time, end_time, is_active, created_by, created_at, updated_by, updated_at, is_deleted) VALUES (35, 18, 1800000.00, 'VND', '2025-09-15 09:00:00', '2025-09-29 09:00:00', false, 1, '2026-04-01 23:16:43.073', NULL, NULL, false);
INSERT INTO ticketing.event_zone_price (event_zone_price_id, event_zone_id, price, currency, start_time, end_time, is_active, created_by, created_at, updated_by, updated_at, is_deleted) VALUES (36, 18, 2200000.00, 'VND', '2025-09-30 09:00:00', '2025-11-22 07:30:00', true, 1, '2026-04-01 23:16:43.073', NULL, NULL, false);
INSERT INTO ticketing.event_zone_price (event_zone_price_id, event_zone_id, price, currency, start_time, end_time, is_active, created_by, created_at, updated_by, updated_at, is_deleted) VALUES (37, 19, 900000.00, 'VND', '2025-09-15 09:00:00', '2025-09-29 09:00:00', false, 1, '2026-04-01 23:16:43.073', NULL, NULL, false);
INSERT INTO ticketing.event_zone_price (event_zone_price_id, event_zone_id, price, currency, start_time, end_time, is_active, created_by, created_at, updated_by, updated_at, is_deleted) VALUES (38, 19, 1200000.00, 'VND', '2025-09-30 09:00:00', '2025-11-22 07:30:00', true, 1, '2026-04-01 23:16:43.073', NULL, NULL, false);
INSERT INTO ticketing.event_zone_price (event_zone_price_id, event_zone_id, price, currency, start_time, end_time, is_active, created_by, created_at, updated_by, updated_at, is_deleted) VALUES (39, 20, 1200000.00, 'VND', '2025-09-15 09:00:00', '2025-09-29 09:00:00', false, 1, '2026-04-01 23:16:43.073', NULL, NULL, false);
INSERT INTO ticketing.event_zone_price (event_zone_price_id, event_zone_id, price, currency, start_time, end_time, is_active, created_by, created_at, updated_by, updated_at, is_deleted) VALUES (40, 20, 1500000.00, 'VND', '2025-09-30 09:00:00', '2025-11-22 07:30:00', true, 1, '2026-04-01 23:16:43.073', NULL, NULL, false);
INSERT INTO ticketing.event_zone_price (event_zone_price_id, event_zone_id, price, currency, start_time, end_time, is_active, created_by, created_at, updated_by, updated_at, is_deleted) VALUES (41, 21, 3500000.00, 'VND', '2026-05-15 10:00:00', '2026-05-29 10:00:00', false, 1, '2026-04-01 23:16:43.073', NULL, NULL, false);
INSERT INTO ticketing.event_zone_price (event_zone_price_id, event_zone_id, price, currency, start_time, end_time, is_active, created_by, created_at, updated_by, updated_at, is_deleted) VALUES (42, 21, 4200000.00, 'VND', '2026-05-30 10:00:00', '2026-06-20 18:30:00', true, 1, '2026-04-01 23:16:43.073', NULL, NULL, false);
INSERT INTO ticketing.event_zone_price (event_zone_price_id, event_zone_id, price, currency, start_time, end_time, is_active, created_by, created_at, updated_by, updated_at, is_deleted) VALUES (43, 22, 1800000.00, 'VND', '2026-05-15 10:00:00', '2026-05-29 10:00:00', false, 1, '2026-04-01 23:16:43.073', NULL, NULL, false);
INSERT INTO ticketing.event_zone_price (event_zone_price_id, event_zone_id, price, currency, start_time, end_time, is_active, created_by, created_at, updated_by, updated_at, is_deleted) VALUES (44, 22, 2200000.00, 'VND', '2026-05-30 10:00:00', '2026-06-20 18:30:00', true, 1, '2026-04-01 23:16:43.073', NULL, NULL, false);
INSERT INTO ticketing.event_zone_price (event_zone_price_id, event_zone_id, price, currency, start_time, end_time, is_active, created_by, created_at, updated_by, updated_at, is_deleted) VALUES (45, 23, 900000.00, 'VND', '2026-05-15 10:00:00', '2026-05-29 10:00:00', false, 1, '2026-04-01 23:16:43.073', NULL, NULL, false);
INSERT INTO ticketing.event_zone_price (event_zone_price_id, event_zone_id, price, currency, start_time, end_time, is_active, created_by, created_at, updated_by, updated_at, is_deleted) VALUES (46, 23, 1200000.00, 'VND', '2026-05-30 10:00:00', '2026-06-20 18:30:00', true, 1, '2026-04-01 23:16:43.073', NULL, NULL, false);
INSERT INTO ticketing.event_zone_price (event_zone_price_id, event_zone_id, price, currency, start_time, end_time, is_active, created_by, created_at, updated_by, updated_at, is_deleted) VALUES (47, 24, 1200000.00, 'VND', '2026-05-15 10:00:00', '2026-05-29 10:00:00', false, 1, '2026-04-01 23:16:43.073', NULL, NULL, false);
INSERT INTO ticketing.event_zone_price (event_zone_price_id, event_zone_id, price, currency, start_time, end_time, is_active, created_by, created_at, updated_by, updated_at, is_deleted) VALUES (48, 24, 1500000.00, 'VND', '2026-05-30 10:00:00', '2026-06-20 18:30:00', true, 1, '2026-04-01 23:16:43.073', NULL, NULL, false);
INSERT INTO ticketing.event_zone_price (event_zone_price_id, event_zone_id, price, currency, start_time, end_time, is_active, created_by, created_at, updated_by, updated_at, is_deleted) VALUES (49, 25, 3500000.00, 'VND', '2026-01-20 10:00:00', '2026-02-03 10:00:00', false, 1, '2026-04-01 23:16:43.073', NULL, NULL, false);
INSERT INTO ticketing.event_zone_price (event_zone_price_id, event_zone_id, price, currency, start_time, end_time, is_active, created_by, created_at, updated_by, updated_at, is_deleted) VALUES (50, 25, 4200000.00, 'VND', '2026-02-04 10:00:00', '2026-03-14 17:00:00', true, 1, '2026-04-01 23:16:43.073', NULL, NULL, false);
INSERT INTO ticketing.event_zone_price (event_zone_price_id, event_zone_id, price, currency, start_time, end_time, is_active, created_by, created_at, updated_by, updated_at, is_deleted) VALUES (51, 26, 1800000.00, 'VND', '2026-01-20 10:00:00', '2026-02-03 10:00:00', false, 1, '2026-04-01 23:16:43.073', NULL, NULL, false);
INSERT INTO ticketing.event_zone_price (event_zone_price_id, event_zone_id, price, currency, start_time, end_time, is_active, created_by, created_at, updated_by, updated_at, is_deleted) VALUES (52, 26, 2200000.00, 'VND', '2026-02-04 10:00:00', '2026-03-14 17:00:00', true, 1, '2026-04-01 23:16:43.073', NULL, NULL, false);
INSERT INTO ticketing.event_zone_price (event_zone_price_id, event_zone_id, price, currency, start_time, end_time, is_active, created_by, created_at, updated_by, updated_at, is_deleted) VALUES (53, 27, 900000.00, 'VND', '2026-01-20 10:00:00', '2026-02-03 10:00:00', false, 1, '2026-04-01 23:16:43.073', NULL, NULL, false);
INSERT INTO ticketing.event_zone_price (event_zone_price_id, event_zone_id, price, currency, start_time, end_time, is_active, created_by, created_at, updated_by, updated_at, is_deleted) VALUES (54, 27, 1200000.00, 'VND', '2026-02-04 10:00:00', '2026-03-14 17:00:00', true, 1, '2026-04-01 23:16:43.073', NULL, NULL, false);
INSERT INTO ticketing.event_zone_price (event_zone_price_id, event_zone_id, price, currency, start_time, end_time, is_active, created_by, created_at, updated_by, updated_at, is_deleted) VALUES (55, 28, 1200000.00, 'VND', '2026-01-20 10:00:00', '2026-02-03 10:00:00', false, 1, '2026-04-01 23:16:43.073', NULL, NULL, false);
INSERT INTO ticketing.event_zone_price (event_zone_price_id, event_zone_id, price, currency, start_time, end_time, is_active, created_by, created_at, updated_by, updated_at, is_deleted) VALUES (56, 28, 1500000.00, 'VND', '2026-02-04 10:00:00', '2026-03-14 17:00:00', true, 1, '2026-04-01 23:16:43.073', NULL, NULL, false);
INSERT INTO ticketing.event_zone_price (event_zone_price_id, event_zone_id, price, currency, start_time, end_time, is_active, created_by, created_at, updated_by, updated_at, is_deleted) VALUES (57, 29, 3500000.00, 'VND', '2026-02-25 09:00:00', '2026-03-11 09:00:00', false, 1, '2026-04-01 23:16:43.073', NULL, NULL, false);
INSERT INTO ticketing.event_zone_price (event_zone_price_id, event_zone_id, price, currency, start_time, end_time, is_active, created_by, created_at, updated_by, updated_at, is_deleted) VALUES (58, 29, 4200000.00, 'VND', '2026-03-12 09:00:00', '2026-04-18 18:00:00', true, 1, '2026-04-01 23:16:43.073', NULL, NULL, false);
INSERT INTO ticketing.event_zone_price (event_zone_price_id, event_zone_id, price, currency, start_time, end_time, is_active, created_by, created_at, updated_by, updated_at, is_deleted) VALUES (59, 30, 1800000.00, 'VND', '2026-02-25 09:00:00', '2026-03-11 09:00:00', false, 1, '2026-04-01 23:16:43.073', NULL, NULL, false);
INSERT INTO ticketing.event_zone_price (event_zone_price_id, event_zone_id, price, currency, start_time, end_time, is_active, created_by, created_at, updated_by, updated_at, is_deleted) VALUES (60, 30, 2200000.00, 'VND', '2026-03-12 09:00:00', '2026-04-18 18:00:00', true, 1, '2026-04-01 23:16:43.073', NULL, NULL, false);
INSERT INTO ticketing.event_zone_price (event_zone_price_id, event_zone_id, price, currency, start_time, end_time, is_active, created_by, created_at, updated_by, updated_at, is_deleted) VALUES (61, 31, 900000.00, 'VND', '2026-02-25 09:00:00', '2026-03-11 09:00:00', false, 1, '2026-04-01 23:16:43.073', NULL, NULL, false);
INSERT INTO ticketing.event_zone_price (event_zone_price_id, event_zone_id, price, currency, start_time, end_time, is_active, created_by, created_at, updated_by, updated_at, is_deleted) VALUES (62, 31, 1200000.00, 'VND', '2026-03-12 09:00:00', '2026-04-18 18:00:00', true, 1, '2026-04-01 23:16:43.073', NULL, NULL, false);
INSERT INTO ticketing.event_zone_price (event_zone_price_id, event_zone_id, price, currency, start_time, end_time, is_active, created_by, created_at, updated_by, updated_at, is_deleted) VALUES (63, 32, 1200000.00, 'VND', '2026-02-25 09:00:00', '2026-03-11 09:00:00', false, 1, '2026-04-01 23:16:43.073', NULL, NULL, false);
INSERT INTO ticketing.event_zone_price (event_zone_price_id, event_zone_id, price, currency, start_time, end_time, is_active, created_by, created_at, updated_by, updated_at, is_deleted) VALUES (64, 32, 1500000.00, 'VND', '2026-03-12 09:00:00', '2026-04-18 18:00:00', true, 1, '2026-04-01 23:16:43.073', NULL, NULL, false);
INSERT INTO ticketing.event_zone_price (event_zone_price_id, event_zone_id, price, currency, start_time, end_time, is_active, created_by, created_at, updated_by, updated_at, is_deleted) VALUES (65, 33, 3500000.00, 'VND', '2026-06-01 10:00:00', '2026-06-15 10:00:00', false, 1, '2026-04-01 23:16:43.073', NULL, NULL, false);
INSERT INTO ticketing.event_zone_price (event_zone_price_id, event_zone_id, price, currency, start_time, end_time, is_active, created_by, created_at, updated_by, updated_at, is_deleted) VALUES (66, 33, 4200000.00, 'VND', '2026-06-16 10:00:00', '2026-08-08 12:00:00', true, 1, '2026-04-01 23:16:43.073', NULL, NULL, false);
INSERT INTO ticketing.event_zone_price (event_zone_price_id, event_zone_id, price, currency, start_time, end_time, is_active, created_by, created_at, updated_by, updated_at, is_deleted) VALUES (67, 34, 1800000.00, 'VND', '2026-06-01 10:00:00', '2026-06-15 10:00:00', false, 1, '2026-04-01 23:16:43.073', NULL, NULL, false);
INSERT INTO ticketing.event_zone_price (event_zone_price_id, event_zone_id, price, currency, start_time, end_time, is_active, created_by, created_at, updated_by, updated_at, is_deleted) VALUES (68, 34, 2200000.00, 'VND', '2026-06-16 10:00:00', '2026-08-08 12:00:00', true, 1, '2026-04-01 23:16:43.073', NULL, NULL, false);
INSERT INTO ticketing.event_zone_price (event_zone_price_id, event_zone_id, price, currency, start_time, end_time, is_active, created_by, created_at, updated_by, updated_at, is_deleted) VALUES (69, 35, 900000.00, 'VND', '2026-06-01 10:00:00', '2026-06-15 10:00:00', false, 1, '2026-04-01 23:16:43.073', NULL, NULL, false);
INSERT INTO ticketing.event_zone_price (event_zone_price_id, event_zone_id, price, currency, start_time, end_time, is_active, created_by, created_at, updated_by, updated_at, is_deleted) VALUES (70, 35, 1200000.00, 'VND', '2026-06-16 10:00:00', '2026-08-08 12:00:00', true, 1, '2026-04-01 23:16:43.073', NULL, NULL, false);
INSERT INTO ticketing.event_zone_price (event_zone_price_id, event_zone_id, price, currency, start_time, end_time, is_active, created_by, created_at, updated_by, updated_at, is_deleted) VALUES (71, 36, 1200000.00, 'VND', '2026-06-01 10:00:00', '2026-06-15 10:00:00', false, 1, '2026-04-01 23:16:43.073', NULL, NULL, false);
INSERT INTO ticketing.event_zone_price (event_zone_price_id, event_zone_id, price, currency, start_time, end_time, is_active, created_by, created_at, updated_by, updated_at, is_deleted) VALUES (72, 36, 1500000.00, 'VND', '2026-06-16 10:00:00', '2026-08-08 12:00:00', true, 1, '2026-04-01 23:16:43.073', NULL, NULL, false);
INSERT INTO ticketing.event_zone_price (event_zone_price_id, event_zone_id, price, currency, start_time, end_time, is_active, created_by, created_at, updated_by, updated_at, is_deleted) VALUES (73, 37, 3500000.00, 'VND', '2026-08-15 09:00:00', '2026-08-29 09:00:00', false, 1, '2026-04-01 23:16:43.073', NULL, NULL, false);
INSERT INTO ticketing.event_zone_price (event_zone_price_id, event_zone_id, price, currency, start_time, end_time, is_active, created_by, created_at, updated_by, updated_at, is_deleted) VALUES (74, 37, 4200000.00, 'VND', '2026-08-30 09:00:00', '2026-10-03 18:30:00', true, 1, '2026-04-01 23:16:43.073', NULL, NULL, false);
INSERT INTO ticketing.event_zone_price (event_zone_price_id, event_zone_id, price, currency, start_time, end_time, is_active, created_by, created_at, updated_by, updated_at, is_deleted) VALUES (75, 38, 1800000.00, 'VND', '2026-08-15 09:00:00', '2026-08-29 09:00:00', false, 1, '2026-04-01 23:16:43.073', NULL, NULL, false);
INSERT INTO ticketing.event_zone_price (event_zone_price_id, event_zone_id, price, currency, start_time, end_time, is_active, created_by, created_at, updated_by, updated_at, is_deleted) VALUES (76, 38, 2200000.00, 'VND', '2026-08-30 09:00:00', '2026-10-03 18:30:00', true, 1, '2026-04-01 23:16:43.073', NULL, NULL, false);
INSERT INTO ticketing.event_zone_price (event_zone_price_id, event_zone_id, price, currency, start_time, end_time, is_active, created_by, created_at, updated_by, updated_at, is_deleted) VALUES (77, 39, 900000.00, 'VND', '2026-08-15 09:00:00', '2026-08-29 09:00:00', false, 1, '2026-04-01 23:16:43.073', NULL, NULL, false);
INSERT INTO ticketing.event_zone_price (event_zone_price_id, event_zone_id, price, currency, start_time, end_time, is_active, created_by, created_at, updated_by, updated_at, is_deleted) VALUES (78, 39, 1200000.00, 'VND', '2026-08-30 09:00:00', '2026-10-03 18:30:00', true, 1, '2026-04-01 23:16:43.073', NULL, NULL, false);
INSERT INTO ticketing.event_zone_price (event_zone_price_id, event_zone_id, price, currency, start_time, end_time, is_active, created_by, created_at, updated_by, updated_at, is_deleted) VALUES (79, 40, 1200000.00, 'VND', '2026-08-15 09:00:00', '2026-08-29 09:00:00', false, 1, '2026-04-01 23:16:43.073', NULL, NULL, false);
INSERT INTO ticketing.event_zone_price (event_zone_price_id, event_zone_id, price, currency, start_time, end_time, is_active, created_by, created_at, updated_by, updated_at, is_deleted) VALUES (80, 40, 1500000.00, 'VND', '2026-08-30 09:00:00', '2026-10-03 18:30:00', true, 1, '2026-04-01 23:16:43.073', NULL, NULL, false);
INSERT INTO ticketing.event_zone_price (event_zone_price_id, event_zone_id, price, currency, start_time, end_time, is_active, created_by, created_at, updated_by, updated_at, is_deleted) VALUES (81, 41, 3500000.00, 'VND', '2026-09-01 10:00:00', '2026-09-15 10:00:00', false, 1, '2026-04-01 23:16:43.073', NULL, NULL, false);
INSERT INTO ticketing.event_zone_price (event_zone_price_id, event_zone_id, price, currency, start_time, end_time, is_active, created_by, created_at, updated_by, updated_at, is_deleted) VALUES (82, 41, 4200000.00, 'VND', '2026-09-16 10:00:00', '2026-11-21 17:30:00', true, 1, '2026-04-01 23:16:43.073', NULL, NULL, false);
INSERT INTO ticketing.event_zone_price (event_zone_price_id, event_zone_id, price, currency, start_time, end_time, is_active, created_by, created_at, updated_by, updated_at, is_deleted) VALUES (83, 42, 1800000.00, 'VND', '2026-09-01 10:00:00', '2026-09-15 10:00:00', false, 1, '2026-04-01 23:16:43.073', NULL, NULL, false);
INSERT INTO ticketing.event_zone_price (event_zone_price_id, event_zone_id, price, currency, start_time, end_time, is_active, created_by, created_at, updated_by, updated_at, is_deleted) VALUES (84, 42, 2200000.00, 'VND', '2026-09-16 10:00:00', '2026-11-21 17:30:00', true, 1, '2026-04-01 23:16:43.073', NULL, NULL, false);
INSERT INTO ticketing.event_zone_price (event_zone_price_id, event_zone_id, price, currency, start_time, end_time, is_active, created_by, created_at, updated_by, updated_at, is_deleted) VALUES (85, 43, 900000.00, 'VND', '2026-09-01 10:00:00', '2026-09-15 10:00:00', false, 1, '2026-04-01 23:16:43.073', NULL, NULL, false);
INSERT INTO ticketing.event_zone_price (event_zone_price_id, event_zone_id, price, currency, start_time, end_time, is_active, created_by, created_at, updated_by, updated_at, is_deleted) VALUES (86, 43, 1200000.00, 'VND', '2026-09-16 10:00:00', '2026-11-21 17:30:00', true, 1, '2026-04-01 23:16:43.073', NULL, NULL, false);
INSERT INTO ticketing.event_zone_price (event_zone_price_id, event_zone_id, price, currency, start_time, end_time, is_active, created_by, created_at, updated_by, updated_at, is_deleted) VALUES (87, 44, 1200000.00, 'VND', '2026-09-01 10:00:00', '2026-09-15 10:00:00', false, 1, '2026-04-01 23:16:43.073', NULL, NULL, false);
INSERT INTO ticketing.event_zone_price (event_zone_price_id, event_zone_id, price, currency, start_time, end_time, is_active, created_by, created_at, updated_by, updated_at, is_deleted) VALUES (88, 44, 1500000.00, 'VND', '2026-09-16 10:00:00', '2026-11-21 17:30:00', true, 1, '2026-04-01 23:16:43.073', NULL, NULL, false);
INSERT INTO ticketing.event_zone_price (event_zone_price_id, event_zone_id, price, currency, start_time, end_time, is_active, created_by, created_at, updated_by, updated_at, is_deleted) VALUES (89, 45, 3500000.00, 'VND', '2026-07-10 09:00:00', '2026-07-24 09:00:00', false, 1, '2026-04-01 23:16:43.073', NULL, NULL, false);
INSERT INTO ticketing.event_zone_price (event_zone_price_id, event_zone_id, price, currency, start_time, end_time, is_active, created_by, created_at, updated_by, updated_at, is_deleted) VALUES (90, 45, 4200000.00, 'VND', '2026-07-25 09:00:00', '2026-09-12 16:00:00', true, 1, '2026-04-01 23:16:43.073', NULL, NULL, false);
INSERT INTO ticketing.event_zone_price (event_zone_price_id, event_zone_id, price, currency, start_time, end_time, is_active, created_by, created_at, updated_by, updated_at, is_deleted) VALUES (91, 46, 1800000.00, 'VND', '2026-07-10 09:00:00', '2026-07-24 09:00:00', false, 1, '2026-04-01 23:16:43.073', NULL, NULL, false);
INSERT INTO ticketing.event_zone_price (event_zone_price_id, event_zone_id, price, currency, start_time, end_time, is_active, created_by, created_at, updated_by, updated_at, is_deleted) VALUES (92, 46, 2200000.00, 'VND', '2026-07-25 09:00:00', '2026-09-12 16:00:00', true, 1, '2026-04-01 23:16:43.073', NULL, NULL, false);
INSERT INTO ticketing.event_zone_price (event_zone_price_id, event_zone_id, price, currency, start_time, end_time, is_active, created_by, created_at, updated_by, updated_at, is_deleted) VALUES (93, 47, 900000.00, 'VND', '2026-07-10 09:00:00', '2026-07-24 09:00:00', false, 1, '2026-04-01 23:16:43.073', NULL, NULL, false);
INSERT INTO ticketing.event_zone_price (event_zone_price_id, event_zone_id, price, currency, start_time, end_time, is_active, created_by, created_at, updated_by, updated_at, is_deleted) VALUES (94, 47, 1200000.00, 'VND', '2026-07-25 09:00:00', '2026-09-12 16:00:00', true, 1, '2026-04-01 23:16:43.073', NULL, NULL, false);
INSERT INTO ticketing.event_zone_price (event_zone_price_id, event_zone_id, price, currency, start_time, end_time, is_active, created_by, created_at, updated_by, updated_at, is_deleted) VALUES (95, 48, 1200000.00, 'VND', '2026-07-10 09:00:00', '2026-07-24 09:00:00', false, 1, '2026-04-01 23:16:43.073', NULL, NULL, false);
INSERT INTO ticketing.event_zone_price (event_zone_price_id, event_zone_id, price, currency, start_time, end_time, is_active, created_by, created_at, updated_by, updated_at, is_deleted) VALUES (96, 48, 1500000.00, 'VND', '2026-07-25 09:00:00', '2026-09-12 16:00:00', true, 1, '2026-04-01 23:16:43.073', NULL, NULL, false);
INSERT INTO ticketing.event_zone_price (event_zone_price_id, event_zone_id, price, currency, start_time, end_time, is_active, created_by, created_at, updated_by, updated_at, is_deleted) VALUES (97, 49, 3500000.00, 'VND', '2025-05-01 09:00:00', '2025-05-15 09:00:00', false, 1, '2026-04-01 23:16:43.073', NULL, NULL, false);
INSERT INTO ticketing.event_zone_price (event_zone_price_id, event_zone_id, price, currency, start_time, end_time, is_active, created_by, created_at, updated_by, updated_at, is_deleted) VALUES (98, 49, 4200000.00, 'VND', '2025-05-16 09:00:00', '2025-06-28 18:00:00', true, 1, '2026-04-01 23:16:43.073', NULL, NULL, false);
INSERT INTO ticketing.event_zone_price (event_zone_price_id, event_zone_id, price, currency, start_time, end_time, is_active, created_by, created_at, updated_by, updated_at, is_deleted) VALUES (99, 50, 1800000.00, 'VND', '2025-05-01 09:00:00', '2025-05-15 09:00:00', false, 1, '2026-04-01 23:16:43.073', NULL, NULL, false);
INSERT INTO ticketing.event_zone_price (event_zone_price_id, event_zone_id, price, currency, start_time, end_time, is_active, created_by, created_at, updated_by, updated_at, is_deleted) VALUES (100, 50, 2200000.00, 'VND', '2025-05-16 09:00:00', '2025-06-28 18:00:00', true, 1, '2026-04-01 23:16:43.073', NULL, NULL, false);
INSERT INTO ticketing.event_zone_price (event_zone_price_id, event_zone_id, price, currency, start_time, end_time, is_active, created_by, created_at, updated_by, updated_at, is_deleted) VALUES (101, 51, 900000.00, 'VND', '2025-05-01 09:00:00', '2025-05-15 09:00:00', false, 1, '2026-04-01 23:16:43.073', NULL, NULL, false);
INSERT INTO ticketing.event_zone_price (event_zone_price_id, event_zone_id, price, currency, start_time, end_time, is_active, created_by, created_at, updated_by, updated_at, is_deleted) VALUES (102, 51, 1200000.00, 'VND', '2025-05-16 09:00:00', '2025-06-28 18:00:00', true, 1, '2026-04-01 23:16:43.073', NULL, NULL, false);
INSERT INTO ticketing.event_zone_price (event_zone_price_id, event_zone_id, price, currency, start_time, end_time, is_active, created_by, created_at, updated_by, updated_at, is_deleted) VALUES (103, 52, 1200000.00, 'VND', '2025-05-01 09:00:00', '2025-05-15 09:00:00', false, 1, '2026-04-01 23:16:43.073', NULL, NULL, false);
INSERT INTO ticketing.event_zone_price (event_zone_price_id, event_zone_id, price, currency, start_time, end_time, is_active, created_by, created_at, updated_by, updated_at, is_deleted) VALUES (104, 52, 1500000.00, 'VND', '2025-05-16 09:00:00', '2025-06-28 18:00:00', true, 1, '2026-04-01 23:16:43.073', NULL, NULL, false);
INSERT INTO ticketing.event_zone_price (event_zone_price_id, event_zone_id, price, currency, start_time, end_time, is_active, created_by, created_at, updated_by, updated_at, is_deleted) VALUES (105, 53, 3500000.00, 'VND', '2025-03-01 09:00:00', '2025-03-15 09:00:00', false, 1, '2026-04-01 23:16:43.073', NULL, NULL, false);
INSERT INTO ticketing.event_zone_price (event_zone_price_id, event_zone_id, price, currency, start_time, end_time, is_active, created_by, created_at, updated_by, updated_at, is_deleted) VALUES (106, 53, 4200000.00, 'VND', '2025-03-16 09:00:00', '2025-04-19 16:30:00', true, 1, '2026-04-01 23:16:43.073', NULL, NULL, false);
INSERT INTO ticketing.event_zone_price (event_zone_price_id, event_zone_id, price, currency, start_time, end_time, is_active, created_by, created_at, updated_by, updated_at, is_deleted) VALUES (107, 54, 1800000.00, 'VND', '2025-03-01 09:00:00', '2025-03-15 09:00:00', false, 1, '2026-04-01 23:16:43.073', NULL, NULL, false);
INSERT INTO ticketing.event_zone_price (event_zone_price_id, event_zone_id, price, currency, start_time, end_time, is_active, created_by, created_at, updated_by, updated_at, is_deleted) VALUES (108, 54, 2200000.00, 'VND', '2025-03-16 09:00:00', '2025-04-19 16:30:00', true, 1, '2026-04-01 23:16:43.073', NULL, NULL, false);
INSERT INTO ticketing.event_zone_price (event_zone_price_id, event_zone_id, price, currency, start_time, end_time, is_active, created_by, created_at, updated_by, updated_at, is_deleted) VALUES (109, 55, 900000.00, 'VND', '2025-03-01 09:00:00', '2025-03-15 09:00:00', false, 1, '2026-04-01 23:16:43.073', NULL, NULL, false);
INSERT INTO ticketing.event_zone_price (event_zone_price_id, event_zone_id, price, currency, start_time, end_time, is_active, created_by, created_at, updated_by, updated_at, is_deleted) VALUES (110, 55, 1200000.00, 'VND', '2025-03-16 09:00:00', '2025-04-19 16:30:00', true, 1, '2026-04-01 23:16:43.073', NULL, NULL, false);
INSERT INTO ticketing.event_zone_price (event_zone_price_id, event_zone_id, price, currency, start_time, end_time, is_active, created_by, created_at, updated_by, updated_at, is_deleted) VALUES (111, 56, 1200000.00, 'VND', '2025-03-01 09:00:00', '2025-03-15 09:00:00', false, 1, '2026-04-01 23:16:43.073', NULL, NULL, false);
INSERT INTO ticketing.event_zone_price (event_zone_price_id, event_zone_id, price, currency, start_time, end_time, is_active, created_by, created_at, updated_by, updated_at, is_deleted) VALUES (112, 56, 1500000.00, 'VND', '2025-03-16 09:00:00', '2025-04-19 16:30:00', true, 1, '2026-04-01 23:16:43.073', NULL, NULL, false);
INSERT INTO ticketing.event_zone_price (event_zone_price_id, event_zone_id, price, currency, start_time, end_time, is_active, created_by, created_at, updated_by, updated_at, is_deleted) VALUES (113, 57, 3500000.00, 'VND', '2025-04-01 09:00:00', '2025-04-15 09:00:00', false, 1, '2026-04-01 23:16:43.073', NULL, NULL, false);
INSERT INTO ticketing.event_zone_price (event_zone_price_id, event_zone_id, price, currency, start_time, end_time, is_active, created_by, created_at, updated_by, updated_at, is_deleted) VALUES (114, 57, 4200000.00, 'VND', '2025-04-16 09:00:00', '2025-05-24 18:00:00', true, 1, '2026-04-01 23:16:43.073', NULL, NULL, false);
INSERT INTO ticketing.event_zone_price (event_zone_price_id, event_zone_id, price, currency, start_time, end_time, is_active, created_by, created_at, updated_by, updated_at, is_deleted) VALUES (115, 58, 1800000.00, 'VND', '2025-04-01 09:00:00', '2025-04-15 09:00:00', false, 1, '2026-04-01 23:16:43.073', NULL, NULL, false);
INSERT INTO ticketing.event_zone_price (event_zone_price_id, event_zone_id, price, currency, start_time, end_time, is_active, created_by, created_at, updated_by, updated_at, is_deleted) VALUES (116, 58, 2200000.00, 'VND', '2025-04-16 09:00:00', '2025-05-24 18:00:00', true, 1, '2026-04-01 23:16:43.073', NULL, NULL, false);
INSERT INTO ticketing.event_zone_price (event_zone_price_id, event_zone_id, price, currency, start_time, end_time, is_active, created_by, created_at, updated_by, updated_at, is_deleted) VALUES (117, 59, 900000.00, 'VND', '2025-04-01 09:00:00', '2025-04-15 09:00:00', false, 1, '2026-04-01 23:16:43.073', NULL, NULL, false);
INSERT INTO ticketing.event_zone_price (event_zone_price_id, event_zone_id, price, currency, start_time, end_time, is_active, created_by, created_at, updated_by, updated_at, is_deleted) VALUES (118, 59, 1200000.00, 'VND', '2025-04-16 09:00:00', '2025-05-24 18:00:00', true, 1, '2026-04-01 23:16:43.073', NULL, NULL, false);
INSERT INTO ticketing.event_zone_price (event_zone_price_id, event_zone_id, price, currency, start_time, end_time, is_active, created_by, created_at, updated_by, updated_at, is_deleted) VALUES (119, 60, 1200000.00, 'VND', '2025-04-01 09:00:00', '2025-04-15 09:00:00', false, 1, '2026-04-01 23:16:43.073', NULL, NULL, false);
INSERT INTO ticketing.event_zone_price (event_zone_price_id, event_zone_id, price, currency, start_time, end_time, is_active, created_by, created_at, updated_by, updated_at, is_deleted) VALUES (120, 60, 1500000.00, 'VND', '2025-04-16 09:00:00', '2025-05-24 18:00:00', true, 1, '2026-04-01 23:16:43.073', NULL, NULL, false);
INSERT INTO ticketing.event_zone_price (event_zone_price_id, event_zone_id, price, currency, start_time, end_time, is_active, created_by, created_at, updated_by, updated_at, is_deleted) VALUES (123, 63, 1000000.00, 'VND', '2026-04-04 09:03:00', '2026-10-29 22:03:00', true, 1, '2026-04-04 16:05:47.191', 2, '2026-04-27 12:25:21.194', false);
INSERT INTO ticketing.event_zone_price (event_zone_price_id, event_zone_id, price, currency, start_time, end_time, is_active, created_by, created_at, updated_by, updated_at, is_deleted) VALUES (122, 62, 3000000.00, 'VND', '2026-04-04 02:03:00', '2026-08-30 03:03:00', true, 1, '2026-04-04 16:05:04.814', 2, '2026-04-27 12:25:33.63', false);
INSERT INTO ticketing.event_zone_price (event_zone_price_id, event_zone_id, price, currency, start_time, end_time, is_active, created_by, created_at, updated_by, updated_at, is_deleted) VALUES (121, 61, 5000000.00, 'VND', '2026-04-02 02:03:00', '2026-10-18 03:03:00', true, 1, '2026-04-04 16:04:02.429', 2, '2026-04-27 12:25:39.854', false);
INSERT INTO ticketing.event_zone_price (event_zone_price_id, event_zone_id, price, currency, start_time, end_time, is_active, created_by, created_at, updated_by, updated_at, is_deleted) VALUES (124, 64, 500000.00, 'VND', '2026-04-01 02:03:00', '2026-09-30 05:03:00', true, 1, '2026-04-04 16:06:25.731', 1, '2026-05-19 16:22:32.538', false);


--
-- Data for Name: event_zone_section; Type: TABLE DATA; Schema: ticketing; Owner: -
--

INSERT INTO ticketing.event_zone_section (event_zone_section_id, event_id, event_zone_id, section_id, created_by, created_at, updated_by, updated_at, is_deleted) VALUES (1, 5, 17, 17, 1, '2026-04-04 21:48:01.661', NULL, NULL, false);
INSERT INTO ticketing.event_zone_section (event_zone_section_id, event_id, event_zone_id, section_id, created_by, created_at, updated_by, updated_at, is_deleted) VALUES (2, 6, 21, 5, 1, '2026-04-04 21:48:01.661', NULL, NULL, false);
INSERT INTO ticketing.event_zone_section (event_zone_section_id, event_id, event_zone_id, section_id, created_by, created_at, updated_by, updated_at, is_deleted) VALUES (3, 2, 5, 5, 1, '2026-04-04 21:48:01.661', NULL, NULL, false);
INSERT INTO ticketing.event_zone_section (event_zone_section_id, event_id, event_zone_id, section_id, created_by, created_at, updated_by, updated_at, is_deleted) VALUES (4, 5, 17, 18, 1, '2026-04-04 21:48:01.661', NULL, NULL, false);
INSERT INTO ticketing.event_zone_section (event_zone_section_id, event_id, event_zone_id, section_id, created_by, created_at, updated_by, updated_at, is_deleted) VALUES (7, 3, 9, 10, 1, '2026-04-04 21:48:01.661', NULL, NULL, false);
INSERT INTO ticketing.event_zone_section (event_zone_section_id, event_id, event_zone_id, section_id, created_by, created_at, updated_by, updated_at, is_deleted) VALUES (8, 4, 13, 14, 1, '2026-04-04 21:48:01.661', NULL, NULL, false);
INSERT INTO ticketing.event_zone_section (event_zone_section_id, event_id, event_zone_id, section_id, created_by, created_at, updated_by, updated_at, is_deleted) VALUES (9, 2, 6, 7, 1, '2026-04-04 21:48:01.661', NULL, NULL, false);
INSERT INTO ticketing.event_zone_section (event_zone_section_id, event_id, event_zone_id, section_id, created_by, created_at, updated_by, updated_at, is_deleted) VALUES (10, 5, 18, 19, 1, '2026-04-04 21:48:01.661', NULL, NULL, false);
INSERT INTO ticketing.event_zone_section (event_zone_section_id, event_id, event_zone_id, section_id, created_by, created_at, updated_by, updated_at, is_deleted) VALUES (11, 4, 15, 16, 1, '2026-04-04 21:48:01.661', NULL, NULL, false);
INSERT INTO ticketing.event_zone_section (event_zone_section_id, event_id, event_zone_id, section_id, created_by, created_at, updated_by, updated_at, is_deleted) VALUES (12, 2, 7, 8, 1, '2026-04-04 21:48:01.661', NULL, NULL, false);
INSERT INTO ticketing.event_zone_section (event_zone_section_id, event_id, event_zone_id, section_id, created_by, created_at, updated_by, updated_at, is_deleted) VALUES (13, 3, 9, 9, 1, '2026-04-04 21:48:01.661', NULL, NULL, false);
INSERT INTO ticketing.event_zone_section (event_zone_section_id, event_id, event_zone_id, section_id, created_by, created_at, updated_by, updated_at, is_deleted) VALUES (14, 6, 22, 7, 1, '2026-04-04 21:48:01.661', NULL, NULL, false);
INSERT INTO ticketing.event_zone_section (event_zone_section_id, event_id, event_zone_id, section_id, created_by, created_at, updated_by, updated_at, is_deleted) VALUES (15, 5, 19, 20, 1, '2026-04-04 21:48:01.661', NULL, NULL, false);
INSERT INTO ticketing.event_zone_section (event_zone_section_id, event_id, event_zone_id, section_id, created_by, created_at, updated_by, updated_at, is_deleted) VALUES (16, 4, 14, 15, 1, '2026-04-04 21:48:01.661', NULL, NULL, false);
INSERT INTO ticketing.event_zone_section (event_zone_section_id, event_id, event_zone_id, section_id, created_by, created_at, updated_by, updated_at, is_deleted) VALUES (17, 4, 13, 13, 1, '2026-04-04 21:48:01.661', NULL, NULL, false);
INSERT INTO ticketing.event_zone_section (event_zone_section_id, event_id, event_zone_id, section_id, created_by, created_at, updated_by, updated_at, is_deleted) VALUES (18, 3, 10, 11, 1, '2026-04-04 21:48:01.661', NULL, NULL, false);
INSERT INTO ticketing.event_zone_section (event_zone_section_id, event_id, event_zone_id, section_id, created_by, created_at, updated_by, updated_at, is_deleted) VALUES (21, 3, 11, 12, 1, '2026-04-04 21:48:01.661', NULL, NULL, false);
INSERT INTO ticketing.event_zone_section (event_zone_section_id, event_id, event_zone_id, section_id, created_by, created_at, updated_by, updated_at, is_deleted) VALUES (22, 6, 23, 8, 1, '2026-04-04 21:48:01.661', NULL, NULL, false);
INSERT INTO ticketing.event_zone_section (event_zone_section_id, event_id, event_zone_id, section_id, created_by, created_at, updated_by, updated_at, is_deleted) VALUES (23, 2, 5, 6, 1, '2026-04-04 21:48:01.661', NULL, NULL, false);
INSERT INTO ticketing.event_zone_section (event_zone_section_id, event_id, event_zone_id, section_id, created_by, created_at, updated_by, updated_at, is_deleted) VALUES (24, 6, 21, 6, 1, '2026-04-04 21:48:01.661', NULL, NULL, false);
INSERT INTO ticketing.event_zone_section (event_zone_section_id, event_id, event_zone_id, section_id, created_by, created_at, updated_by, updated_at, is_deleted) VALUES (5, 16, 61, 13, 1, '2026-04-04 21:48:01.661', NULL, NULL, false);
INSERT INTO ticketing.event_zone_section (event_zone_section_id, event_id, event_zone_id, section_id, created_by, created_at, updated_by, updated_at, is_deleted) VALUES (6, 16, 62, 14, 1, '2026-04-04 21:48:01.661', NULL, NULL, false);
INSERT INTO ticketing.event_zone_section (event_zone_section_id, event_id, event_zone_id, section_id, created_by, created_at, updated_by, updated_at, is_deleted) VALUES (19, 16, 63, 15, 1, '2026-04-04 21:48:01.661', NULL, NULL, false);
INSERT INTO ticketing.event_zone_section (event_zone_section_id, event_id, event_zone_id, section_id, created_by, created_at, updated_by, updated_at, is_deleted) VALUES (20, 16, 64, 16, 1, '2026-04-04 21:48:01.661', NULL, NULL, false);


--
-- Data for Name: sys_role; Type: TABLE DATA; Schema: ticketing; Owner: -
--

INSERT INTO ticketing.sys_role (role_id, role_code, role_name, description, status, created_by, created_at, updated_by, updated_at, is_deleted) VALUES (1, 'SUPER_ADMIN', 'Super Admin', 'Toàn quyền quản trị hệ thống', 'active', NULL, '2026-03-23 23:40:07.755', 1, '2026-03-31 16:14:00.946', true);
INSERT INTO ticketing.sys_role (role_id, role_code, role_name, description, status, created_by, created_at, updated_by, updated_at, is_deleted) VALUES (3, 'ADMIN', 'Quản trị viên', 'Đây là vai trò quan trọng của hệ thống', 'active', 1, '2026-03-31 16:16:56.846', NULL, NULL, false);


--
-- Data for Name: sys_user_role; Type: TABLE DATA; Schema: ticketing; Owner: -
--

INSERT INTO ticketing.sys_user_role (user_role_id, user_id, role_id, assigned_at, assigned_by, is_deleted) VALUES (1, 1, 1, '2026-03-31 16:17:46.424', 1, true);
INSERT INTO ticketing.sys_user_role (user_role_id, user_id, role_id, assigned_at, assigned_by, is_deleted) VALUES (3, 4, 3, '2026-03-25 02:25:00', 1, false);


--
-- Data for Name: venue; Type: TABLE DATA; Schema: ticketing; Owner: -
--

INSERT INTO ticketing.venue (venue_id, venue_code, venue_name, address_line, city, country, status, created_by, created_at, updated_by, updated_at, is_deleted) VALUES (1, 'MY_DINH', 'Sân vận động Quốc gia Mỹ Đình', 'Đường Lê Đức Thọ, Nam Từ Liêm', 'Hà Nội', 'Việt Nam', 'active', 1, '2026-04-01 23:16:43.073', NULL, NULL, false);
INSERT INTO ticketing.venue (venue_id, venue_code, venue_name, address_line, city, country, status, created_by, created_at, updated_by, updated_at, is_deleted) VALUES (2, 'QK7_ARENA', 'Nhà thi đấu Quân khu 7', '202 Hoàng Văn Thụ, Phường 9, Quận Phú Nhuận', 'TP.HCM', 'Việt Nam', 'active', 1, '2026-04-01 23:16:43.073', NULL, NULL, false);
INSERT INTO ticketing.venue (venue_id, venue_code, venue_name, address_line, city, country, status, created_by, created_at, updated_by, updated_at, is_deleted) VALUES (3, 'PHU_THO_ARENA', 'Nhà thi đấu Phú Thọ', '1 Lữ Gia, Phường 15, Quận 11', 'TP.HCM', 'Việt Nam', 'active', 1, '2026-04-01 23:16:43.073', NULL, NULL, false);
INSERT INTO ticketing.venue (venue_id, venue_code, venue_name, address_line, city, country, status, created_by, created_at, updated_by, updated_at, is_deleted) VALUES (5, 'SECC_HCM', 'SECC - Trung tâm Hội chợ và Triển lãm Sài Gòn', '799 Nguyễn Văn Linh, Quận 7', 'TP.HCM', 'Việt Nam', 'active', 1, '2026-04-01 23:16:43.073', NULL, NULL, false);
INSERT INTO ticketing.venue (venue_id, venue_code, venue_name, address_line, city, country, status, created_by, created_at, updated_by, updated_at, is_deleted) VALUES (4, 'NCC_HN', 'Trung tâm Triển lãm Việt Nam VEC', 'Đại lộ Thăng Long, Mễ Trì, Nam Từ Liêm', 'Hà Nội', 'Việt Nam', 'active', 1, '2026-04-01 23:16:43.073', 1, '2026-04-04 16:07:26.151', false);


--
-- Name: audit_log_audit_log_id_seq; Type: SEQUENCE SET; Schema: ticketing; Owner: -
--

SELECT pg_catalog.setval('ticketing.audit_log_audit_log_id_seq', 1, false);


--
-- Name: customer_customer_id_seq; Type: SEQUENCE SET; Schema: ticketing; Owner: -
--

SELECT pg_catalog.setval('ticketing.customer_customer_id_seq', 3, true);


--
-- Name: event_event_id_seq; Type: SEQUENCE SET; Schema: ticketing; Owner: -
--

SELECT pg_catalog.setval('ticketing.event_event_id_seq', 16, true);


--
-- Name: event_publish_log_event_publish_log_id_seq; Type: SEQUENCE SET; Schema: ticketing; Owner: -
--

SELECT pg_catalog.setval('ticketing.event_publish_log_event_publish_log_id_seq', 1, false);


--
-- Name: event_seat_inventory_event_seat_inventory_id_seq; Type: SEQUENCE SET; Schema: ticketing; Owner: -
--

SELECT pg_catalog.setval('ticketing.event_seat_inventory_event_seat_inventory_id_seq', 101, true);


--
-- Name: event_zone_event_zone_id_seq; Type: SEQUENCE SET; Schema: ticketing; Owner: -
--

SELECT pg_catalog.setval('ticketing.event_zone_event_zone_id_seq', 64, true);


--
-- Name: event_zone_price_event_zone_price_id_seq; Type: SEQUENCE SET; Schema: ticketing; Owner: -
--

SELECT pg_catalog.setval('ticketing.event_zone_price_event_zone_price_id_seq', 124, true);


--
-- Name: event_zone_section_event_zone_section_id_seq; Type: SEQUENCE SET; Schema: ticketing; Owner: -
--

SELECT pg_catalog.setval('ticketing.event_zone_section_event_zone_section_id_seq', 24, true);


--
-- Name: idempotency_request_idempotency_id_seq; Type: SEQUENCE SET; Schema: ticketing; Owner: -
--

SELECT pg_catalog.setval('ticketing.idempotency_request_idempotency_id_seq', 91, true);


--
-- Name: payment_callback_log_callback_log_id_seq; Type: SEQUENCE SET; Schema: ticketing; Owner: -
--

SELECT pg_catalog.setval('ticketing.payment_callback_log_callback_log_id_seq', 1, false);


--
-- Name: payment_transaction_payment_id_seq; Type: SEQUENCE SET; Schema: ticketing; Owner: -
--

SELECT pg_catalog.setval('ticketing.payment_transaction_payment_id_seq', 12, true);


--
-- Name: seat_hold_hold_id_seq; Type: SEQUENCE SET; Schema: ticketing; Owner: -
--

SELECT pg_catalog.setval('ticketing.seat_hold_hold_id_seq', 64, true);


--
-- Name: seat_hold_item_hold_item_id_seq; Type: SEQUENCE SET; Schema: ticketing; Owner: -
--

SELECT pg_catalog.setval('ticketing.seat_hold_item_hold_item_id_seq', 194, true);


--
-- Name: sys_role_role_id_seq; Type: SEQUENCE SET; Schema: ticketing; Owner: -
--

SELECT pg_catalog.setval('ticketing.sys_role_role_id_seq', 3, true);


--
-- Name: sys_user_role_user_role_id_seq; Type: SEQUENCE SET; Schema: ticketing; Owner: -
--

SELECT pg_catalog.setval('ticketing.sys_user_role_user_role_id_seq', 4, true);


--
-- Name: sys_user_user_id_seq; Type: SEQUENCE SET; Schema: ticketing; Owner: -
--

SELECT pg_catalog.setval('ticketing.sys_user_user_id_seq', 7, true);


--
-- Name: ticket_order_item_order_item_id_seq; Type: SEQUENCE SET; Schema: ticketing; Owner: -
--

SELECT pg_catalog.setval('ticketing.ticket_order_item_order_item_id_seq', 33, true);


--
-- Name: ticket_order_order_id_seq; Type: SEQUENCE SET; Schema: ticketing; Owner: -
--

SELECT pg_catalog.setval('ticketing.ticket_order_order_id_seq', 21, true);


--
-- Name: ticket_ticket_id_seq; Type: SEQUENCE SET; Schema: ticketing; Owner: -
--

SELECT pg_catalog.setval('ticketing.ticket_ticket_id_seq', 29, true);


--
-- Name: venue_seat_seat_id_seq; Type: SEQUENCE SET; Schema: ticketing; Owner: -
--

SELECT pg_catalog.setval('ticketing.venue_seat_seat_id_seq', 19408, true);


--
-- Name: venue_section_section_id_seq; Type: SEQUENCE SET; Schema: ticketing; Owner: -
--

SELECT pg_catalog.setval('ticketing.venue_section_section_id_seq', 20, true);


--
-- Name: venue_venue_id_seq; Type: SEQUENCE SET; Schema: ticketing; Owner: -
--

SELECT pg_catalog.setval('ticketing.venue_venue_id_seq', 5, true);


--
-- PostgreSQL database dump complete
--

\unrestrict 2axqEikPueMHretCbg0UkshjiapGM6XXtDHZOFxreeleqUjs6SiNMcxegSfErfx

